year,day,month,doc,hdate,ID,bay,region,latitude,longitude,TL_mm,radius,age
2018,15,Aug,227,117,KDSP-101,Agripina Bay,Agripina Bay,57.1093,-156.4602,60,435.7,110
2018,15,Aug,227,127,KDSP-104,Agripina Bay,Agripina Bay,57.1093,-156.4602,52,413.69,100
2018,15,Aug,227,92,KDSP-116,Agripina Bay,Agripina Bay,57.1048,-156.4586,72,505.58,135
2018,15,Aug,227,88,KDSP-117,Agripina Bay,Agripina Bay,57.1048,-156.4586,75,492.7,139
2018,15,Aug,227,110,KDSP-118,Agripina Bay,Agripina Bay,57.1048,-156.4586,52,477.68,117
2018,15,Aug,227,108,KDSP-168,Agripina Bay,Agripina Bay,57.1048,-156.4586,65,459.7,119
2018,15,Aug,227,100,KDSP-217,Agripina Bay,Agripina Bay,57.1071,-156.4564,68,514.64,127
2018,15,Aug,227,83,KDSP-219,Agripina Bay,Agripina Bay,57.1071,-156.4564,67,543.74,144
2018,15,Aug,227,78,KDSP-220,Agripina Bay,Agripina Bay,57.1071,-156.4564,64,543.57,149
2018,15,Aug,227,106,KDSP-228,Agripina Bay,Agripina Bay,57.1071,-156.4564,60,423.19,121
2018,16,July,197,101,KDSP-446,Agripina Bay,Agripina Bay,57.1071,-156.4565,50,327.85,96
2018,16,July,197,39,KDSP-448,Agripina Bay,Agripina Bay,57.1047,-156.4584,72,543.34,158
2018,16,July,197,78,KDSP-450,Agripina Bay,Agripina Bay,57.1047,-156.4584,56,389.09,119
2018,16,July,197,101,KDSP-451,Agripina Bay,Agripina Bay,57.1047,-156.4584,52,361.36,96
2018,16,July,197,116,KDSP-453,Agripina Bay,Agripina Bay,57.1047,-156.4584,50,301,81
2018,16,July,197,74,KDSP-459,Agripina Bay,Agripina Bay,57.1094,-156.4599,77,454.85,123
2018,16,July,197,130,KDSP-460,Agripina Bay,Agripina Bay,57.1094,-156.4599,35,242.79,67
2018,16,July,197,102,KDSP-462,Agripina Bay,Agripina Bay,57.1094,-156.4599,43,309.91,95
2018,16,July,197,82,KDSP-465,Agripina Bay,Agripina Bay,57.1094,-156.4599,68,437.37,115
2019,7,July,188,121,KDSP-344.2,Agripina Bay,Agripina Bay,57.1046,-156.4716,41,255.53,67
2019,7,July,188,113,KDSP-360.2,Agripina Bay,Agripina Bay,57.105,-156.4581,46,292.38,75
2019,7,July,188,107,KDSP-362.2,Agripina Bay,Agripina Bay,57.105,-156.4581,43,309.51,81
2019,7,July,188,106,KDSP-364.2,Agripina Bay,Agripina Bay,57.105,-156.4581,48,316.77,82
2019,7,July,188,111,KDSP-369.2,Agripina Bay,Agripina Bay,57.105,-156.4581,47,304.81,77
2019,7,July,188,93,KDSP-371.2,Agripina Bay,Agripina Bay,57.105,-156.4581,55,389.41,95
2019,7,July,188,118,KDSP-374.2,Agripina Bay,Agripina Bay,57.105,-156.4581,41,267.23,70
2019,7,July,188,121,KDSP-379.2,Agripina Bay,Agripina Bay,57.1071,-156.4564,41,265.73,67
2019,7,July,188,123,KDSP-381.2,Agripina Bay,Agripina Bay,57.1071,-156.4564,40,234.08,65
2019,7,July,188,85,KDSP-631,Agripina Bay,Agripina Bay,57.1046,-156.4716,60,401.05,103
2019,7,July,188,77,KDSP-633,Agripina Bay,Agripina Bay,57.1041,-156.4766,68,494.6,111
2019,7,July,188,101,KDSP-634,Agripina Bay,Agripina Bay,57.105,-156.4581,55,361.91,87
2019,7,July,188,99,KDSP-640,Agripina Bay,Agripina Bay,57.105,-156.4581,52,363.71,89
2019,7,July,188,106,KDSP-641,Agripina Bay,Agripina Bay,57.105,-156.4581,50,344.9,82
2019,7,July,188,95,KDSP-642,Agripina Bay,Agripina Bay,57.1041,-156.4766,56,386.97,93
2019,7,July,188,105,KDSP-644,Agripina Bay,Agripina Bay,57.1071,-156.4564,43,324.79,83
2019,7,July,188,115,KDSP-646,Agripina Bay,Agripina Bay,57.1046,-156.4716,43,288.98,73
2019,7,July,188,88,KDSP-647,Agripina Bay,Agripina Bay,57.105,-156.4581,58,411.51,100
2019,7,July,188,97,KDSP-649,Agripina Bay,Agripina Bay,57.105,-156.4581,52,342.6,91
2019,7,July,188,99,KDSP-650,Agripina Bay,Agripina Bay,57.105,-156.4581,52,356.16,89
2019,7,July,188,107,KDSP-651,Agripina Bay,Agripina Bay,57.105,-156.4581,51,321.49,81
2019,7,July,188,107,KDSP-655,Agripina Bay,Agripina Bay,57.105,-156.4581,53,323.5,81
2020,6,July,188,84,KDSP-962,Agripina Bay,Agripina Bay,57.1092,-156.4602,61,378.56,104
2020,6,July,188,98,KDSP-963,Agripina Bay,Agripina Bay,57.1092,-156.4602,57,350.38,90
2020,6,July,188,97,KDSP-964,Agripina Bay,Agripina Bay,57.1092,-156.4602,62,376.4,91
2020,6,July,188,80,KDSP-965,Agripina Bay,Agripina Bay,57.1092,-156.4602,52,418.65,108
2020,6,July,188,92,KDSP-966,Agripina Bay,Agripina Bay,57.1092,-156.4602,53,310.95,96
2020,6,July,188,87,KDSP-967,Agripina Bay,Agripina Bay,57.1092,-156.4602,55,374.51,101
2020,6,July,188,90,KDSP-968,Agripina Bay,Agripina Bay,57.1092,-156.4602,55,367.03,98
2020,6,July,188,84,KDSP-969,Agripina Bay,Agripina Bay,57.1092,-156.4602,54,403.46,104
2020,6,July,188,91,KDSP-970,Agripina Bay,Agripina Bay,57.1092,-156.4602,55,373.59,97
2020,6,July,188,72,KDSP-972,Agripina Bay,Agripina Bay,57.1092,-156.4602,61,429.77,116
2020,6,July,188,116,KDSP-974,Agripina Bay,Agripina Bay,57.1092,-156.4602,38,261.06,72
2020,6,July,188,85,KDSP-975,Agripina Bay,Agripina Bay,57.1092,-156.4602,57,396.25,103
2020,6,July,188,83,KDSP-976,Agripina Bay,Agripina Bay,57.1092,-156.4602,57,411.12,105
2020,6,July,188,95,KDSP-977,Agripina Bay,Agripina Bay,57.1092,-156.4602,46,349.47,93
2020,6,July,188,85,KDSP-979,Agripina Bay,Agripina Bay,57.1049,-156.4585,54,401.58,103
2020,6,July,188,82,KDSP-980,Agripina Bay,Agripina Bay,57.1049,-156.4585,58,407.2,106
2020,6,July,188,99,KDSP-982,Agripina Bay,Agripina Bay,57.1049,-156.4585,47,355.57,89
2020,6,July,188,82,KDSP-983,Agripina Bay,Agripina Bay,57.1049,-156.4585,58,372.45,106
2020,6,July,188,110,KDSP-984,Agripina Bay,Agripina Bay,57.1049,-156.4585,49,318.09,78
2020,6,July,188,93,KDSP-985,Agripina Bay,Agripina Bay,57.1049,-156.4585,56,380.89,95
2020,6,July,188,88,KDSP-986,Agripina Bay,Agripina Bay,57.1049,-156.4585,52,364.24,100
2021,5,July,186,110,KDSP-1153,Agripina Bay,Agripina Bay,57.104,-156.4767,43,267.35,76
2021,5,July,186,105,KDSP-1154,Agripina Bay,Agripina Bay,57.104,-156.4767,44,277.79,81
2021,5,July,186,114,KDSP-1155,Agripina Bay,Agripina Bay,57.104,-156.4767,45,227.7,72
2021,5,July,186,107,KDSP-1156,Agripina Bay,Agripina Bay,57.104,-156.4767,47,294.43,79
2021,5,July,186,107,KDSP-1157,Agripina Bay,Agripina Bay,57.104,-156.4767,41,254.11,79
2021,5,July,186,110,KDSP-1158,Agripina Bay,Agripina Bay,57.104,-156.4767,46,281.88,76
2021,5,July,186,103,KDSP-1160,Agripina Bay,Agripina Bay,57.104,-156.4767,48,330.63,83
2021,5,July,186,118,KDSP-1161,Agripina Bay,Agripina Bay,57.104,-156.4767,43,250.86,68
2021,5,July,186,99,KDSP-1162,Agripina Bay,Agripina Bay,57.104,-156.4767,47,315.96,87
2021,5,July,186,113,KDSP-1163,Agripina Bay,Agripina Bay,57.104,-156.4767,44,276.43,73
2021,5,July,186,126,KDSP-1165,Agripina Bay,Agripina Bay,57.104,-156.4767,38,206.8,60
2021,5,July,186,111,KDSP-1166,Agripina Bay,Agripina Bay,57.104,-156.4767,45,285.34,75
2021,5,July,186,107,KDSP-1167,Agripina Bay,Agripina Bay,57.104,-156.4767,43,294.57,79
2021,5,July,186,116,KDSP-1168,Agripina Bay,Agripina Bay,57.104,-156.4767,41,257.44,70
2021,5,July,186,113,KDSP-1169,Agripina Bay,Agripina Bay,57.104,-156.4767,44,256.28,73
2021,5,July,186,113,KDSP-1170,Agripina Bay,Agripina Bay,57.104,-156.4767,44,235.47,73
2021,5,July,186,101,KDSP-1171,Agripina Bay,Agripina Bay,57.104,-156.4767,47,340.76,85
2021,5,July,186,103,KDSP-1172,Agripina Bay,Agripina Bay,57.104,-156.4767,51,313.73,83
2021,5,July,186,104,KDSP-1174,Agripina Bay,Agripina Bay,57.104,-156.4767,47,266.76,82
2021,5,July,186,104,KDSP-1175,Agripina Bay,Agripina Bay,57.104,-156.4767,49,309.9,82
2021,5,July,186,111,KDSP-1176,Agripina Bay,Agripina Bay,57.104,-156.4767,46,275.37,75
2022,4,July,185,94,KDSP-1398.2,Agripina Bay,Agripina Bay,57.1042,-156.4766,51,319.19,91
2022,4,July,185,90,KDSP-1399.2,Agripina Bay,Agripina Bay,57.1042,-156.4766,55,348.05,95
2022,4,July,185,97,KDSP-1400.2,Agripina Bay,Agripina Bay,57.1042,-156.4766,50,316.11,88
2022,4,July,185,86,KDSP-1401.2,Agripina Bay,Agripina Bay,57.1042,-156.4766,54,380.77,99
2022,4,July,185,83,KDSP-1402.2,Agripina Bay,Agripina Bay,57.1042,-156.4766,52,367.43,102
2022,4,July,185,91,KDSP-1403.2,Agripina Bay,Agripina Bay,57.1042,-156.4766,46,342.36,94
2022,4,July,185,83,KDSP-1404.2,Agripina Bay,Agripina Bay,57.1042,-156.4766,54,367.19,102
2022,4,July,185,96,KDSP-1405.2,Agripina Bay,Agripina Bay,57.1042,-156.4766,49,322.69,89
2022,4,July,185,84,KDSP-1406.2,Agripina Bay,Agripina Bay,57.1042,-156.4766,50,350.55,101
2022,4,July,185,85,KDSP-1407.2,Agripina Bay,Agripina Bay,57.1042,-156.4766,56,385.87,100
2022,4,July,185,94,KDSP-1408.2,Agripina Bay,Agripina Bay,57.1042,-156.4766,50,317.3,91
2022,4,July,185,91,KDSP-1410.2,Agripina Bay,Agripina Bay,57.1042,-156.4766,49,349.37,94
2022,4,July,185,83,KDSP-1411.2,Agripina Bay,Agripina Bay,57.1042,-156.4766,49,357.75,102
2022,4,July,185,90,KDSP-1412.2,Agripina Bay,Agripina Bay,57.1042,-156.4766,45,325.96,95
2022,4,July,185,104,KDSP-1413.2,Agripina Bay,Agripina Bay,57.1042,-156.4766,43,288.98,81
2022,4,July,185,102,KDSP-1415.2,Agripina Bay,Agripina Bay,57.1042,-156.4766,48,286.28,83
2022,4,July,185,90,KDSP-1416.2,Agripina Bay,Agripina Bay,57.1042,-156.4766,50,318.84,95
2022,4,July,185,101,KDSP-1417.2,Agripina Bay,Agripina Bay,57.1042,-156.4766,51,326.91,84
2022,4,July,185,80,KDSP-1418.2,Agripina Bay,Agripina Bay,57.1042,-156.4766,54,342.61,105
2022,4,July,185,98,KDSP-1419.2,Agripina Bay,Agripina Bay,57.1042,-156.4766,47,314.05,87
2022,4,July,185,96,KDSP-1420.2,Agripina Bay,Agripina Bay,57.1042,-156.4766,55,343.75,89
2022,4,July,185,94,KDSP-1421.2,Agripina Bay,Agripina Bay,57.1042,-156.4766,50,332.59,91
2023,7,July,188,114,KDSP-1873.2,Agripina Bay,Agripina Bay,57.1046,-156.4714,43,249.65,74
2023,7,July,188,107,KDSP-1874.2,Agripina Bay,Agripina Bay,57.1046,-156.4714,40,292.75,81
2023,7,July,188,123,KDSP-1875.2,Agripina Bay,Agripina Bay,57.1046,-156.4714,38,229.29,65
2023,7,July,188,118,KDSP-1876.2,Agripina Bay,Agripina Bay,57.1046,-156.4714,37,231.32,70
2023,7,July,188,118,KDSP-1877.2,Agripina Bay,Agripina Bay,57.1046,-156.4714,43,266.62,70
2023,7,July,188,105,KDSP-1878.2,Agripina Bay,Agripina Bay,57.1046,-156.4714,46,306.3,83
2023,7,July,188,115,KDSP-1879.2,Agripina Bay,Agripina Bay,57.1046,-156.4714,40,245.93,73
2023,7,July,188,123,KDSP-1880.2,Agripina Bay,Agripina Bay,57.1046,-156.4714,37,255.57,65
2023,7,July,188,113,KDSP-1881.2,Agripina Bay,Agripina Bay,57.1046,-156.4714,43,266.9,75
2023,7,July,188,119,KDSP-1882.2,Agripina Bay,Agripina Bay,57.1046,-156.4714,41,239.93,69
2023,7,July,188,107,KDSP-1884.2,Agripina Bay,Agripina Bay,57.1046,-156.4714,47,279.03,81
2023,7,July,188,112,KDSP-1886.2,Agripina Bay,Agripina Bay,57.1046,-156.4714,40,242.12,76
2023,7,July,188,119,KDSP-1887.2,Agripina Bay,Agripina Bay,57.1046,-156.4714,41,242.32,69
2023,7,July,188,121,KDSP-1889.2,Agripina Bay,Agripina Bay,57.1046,-156.4714,37,208.02,67
2023,7,July,188,111,KDSP-1893.2,Agripina Bay,Agripina Bay,57.1046,-156.4714,45,285.71,77
2023,7,July,188,114,KDSP-1894.2,Agripina Bay,Agripina Bay,57.1046,-156.4714,45,261.81,74
2023,7,July,188,112,KDSP-1896.2,Agripina Bay,Agripina Bay,57.1046,-156.4714,41,260.42,76
2023,7,July,188,111,KDSP-1897.2,Agripina Bay,Agripina Bay,57.1046,-156.4714,45,265.41,77
2018,18,July,199,58,2001,Anton Larsen Bay,Eastern Kodiak,57.88017,-152.64703,77,629,142
2018,18,July,199,52,2005,Anton Larsen Bay,Eastern Kodiak,57.88017,-152.64703,80,619,148
2018,18,July,199,30,2006,Anton Larsen Bay,Eastern Kodiak,57.88017,-152.64703,92,586,170
2018,18,July,199,53,2007,Anton Larsen Bay,Eastern Kodiak,57.88017,-152.64703,94,550,147
2018,18,July,199,65,2010,Anton Larsen Bay,Eastern Kodiak,57.88017,-152.64703,68,410,135
2018,15,July,196,64,2017,Anton Larsen Bay,Eastern Kodiak,57.88538,-152.63903,69,482,135
2018,15,July,196,69,2019,Anton Larsen Bay,Eastern Kodiak,57.88538,-152.63903,60,427,128
2018,15,July,196,70,2021,Anton Larsen Bay,Eastern Kodiak,57.88538,-152.63903,63,389,127
2018,15,July,196,53,2025,Anton Larsen Bay,Eastern Kodiak,57.88538,-152.63903,90,590,144
2018,18,July,199,58,2026,Anton Larsen Bay,Eastern Kodiak,57.88017,-152.64703,87,620,139
2018,18,July,199,61,2028,Anton Larsen Bay,Eastern Kodiak,57.88017,-152.64703,84,510,136
2018,18,July,199,49,2031,Anton Larsen Bay,Eastern Kodiak,57.88017,-152.64703,89,515,150
2018,18,July,199,60,2034,Anton Larsen Bay,Eastern Kodiak,57.88017,-152.64703,73,516,139
2018,15,July,196,65,2038,Anton Larsen Bay,Eastern Kodiak,57.882,-152.62572,69,447,131
2018,15,July,196,79,2042,Anton Larsen Bay,Eastern Kodiak,57.882,-152.62572,55,340,117
2018,15,July,196,78,2043,Anton Larsen Bay,Eastern Kodiak,57.882,-152.62572,60,416,118
2018,15,July,196,56,2045,Anton Larsen Bay,Eastern Kodiak,57.882,-152.62572,74,480,140
2019,13,July,194,84,2380,Anton Larsen Bay,Eastern Kodiak,57.882,-152.62572,57,390,110
2019,13,July,194,99,2383,Anton Larsen Bay,Eastern Kodiak,57.882,-152.62572,47,304,95
2019,13,July,194,71,2384,Anton Larsen Bay,Eastern Kodiak,57.882,-152.62572,67,438,123
2019,13,July,194,83,2385,Anton Larsen Bay,Eastern Kodiak,57.882,-152.62572,48,331,111
2019,13,July,194,85,2387,Anton Larsen Bay,Eastern Kodiak,57.882,-152.62572,55,348,109
2019,13,July,194,83,2388,Anton Larsen Bay,Eastern Kodiak,57.882,-152.62572,58,397,111
2019,13,July,194,59,2389,Anton Larsen Bay,Eastern Kodiak,57.882,-152.62572,61,427,135
2019,13,July,194,88,2390,Anton Larsen Bay,Eastern Kodiak,57.882,-152.62572,49,315,106
2019,13,July,194,91,2392,Anton Larsen Bay,Eastern Kodiak,57.882,-152.62572,48,333,103
2019,13,July,194,83,2393,Anton Larsen Bay,Eastern Kodiak,57.882,-152.62572,51,386,111
2019,13,July,194,100,2394,Anton Larsen Bay,Eastern Kodiak,57.882,-152.62572,41,268,94
2019,13,July,194,83,2396,Anton Larsen Bay,Eastern Kodiak,57.882,-152.62572,52,387,111
2019,13,July,194,91,2398,Anton Larsen Bay,Eastern Kodiak,57.882,-152.62572,45,297,103
2019,13,July,194,87,2399,Anton Larsen Bay,Eastern Kodiak,57.882,-152.62572,49,344,107
2019,13,July,194,74,2401,Anton Larsen Bay,Eastern Kodiak,57.882,-152.62572,55,347,120
2019,13,July,194,80,2402,Anton Larsen Bay,Eastern Kodiak,57.882,-152.62572,54,395,114
2019,13,July,194,66,2404,Anton Larsen Bay,Eastern Kodiak,57.882,-152.62572,64,410,128
2019,13,July,194,80,2405,Anton Larsen Bay,Eastern Kodiak,57.882,-152.62572,59,392,114
2019,13,July,194,80,2407,Anton Larsen Bay,Eastern Kodiak,57.882,-152.62572,61,411,114
2019,13,July,194,96,2408,Anton Larsen Bay,Eastern Kodiak,57.882,-152.62572,51,352,98
2021,10,July,191,53,BL3000,Anton Larsen Bay,Eastern Kodiak,57.88017,-152.64703,81,505.633,138
2021,10,July,191,67,BL3001,Anton Larsen Bay,Eastern Kodiak,57.88017,-152.64703,90,467.574,124
2021,10,July,191,33,BL3003,Anton Larsen Bay,Eastern Kodiak,57.88017,-152.64703,91,578.552,158
2021,10,July,191,28,BL3004,Anton Larsen Bay,Eastern Kodiak,57.88017,-152.64703,94,591.782,163
2021,10,July,191,36,BL3005,Anton Larsen Bay,Eastern Kodiak,57.88017,-152.64703,82,588.255,155
2021,10,July,191,67,BL3006,Anton Larsen Bay,Eastern Kodiak,57.88288,-152.62508,68,487.136,124
2021,10,July,191,103,BL3008,Anton Larsen Bay,Eastern Kodiak,57.88288,-152.62508,49,268.188,88
2021,10,July,191,105,BL3011,Anton Larsen Bay,Eastern Kodiak,57.88288,-152.62508,47,280.902,86
2021,11,July,192,40,BL3012,Anton Larsen Bay,Eastern Kodiak,57.88017,-152.64703,85,644.138,152
2021,11,July,192,44,BL3015,Anton Larsen Bay,Eastern Kodiak,57.88017,-152.64703,94,473.228,148
2021,11,July,192,35,BL3016,Anton Larsen Bay,Eastern Kodiak,57.88017,-152.64703,82,565.796,157
2021,10,July,191,104,BL3018,Anton Larsen Bay,Eastern Kodiak,57.88288,-152.62508,49,295.193,87
2021,10,July,191,110,BL3019,Anton Larsen Bay,Eastern Kodiak,57.87812,-152.63642,41,216.451,81
2021,10,July,191,62,BL3020,Anton Larsen Bay,Eastern Kodiak,57.87812,-152.63642,65,475.68,129
2021,10,July,191,79,BL3021,Anton Larsen Bay,Eastern Kodiak,57.87812,-152.63642,55,347.545,112
2021,10,July,191,77,BL3023,Anton Larsen Bay,Eastern Kodiak,57.87812,-152.63642,55,393.426,114
2021,10,July,191,92,BL3024,Anton Larsen Bay,Eastern Kodiak,57.86153,-152.6404,50,351.673,99
2021,10,July,191,107,BL3025,Anton Larsen Bay,Eastern Kodiak,57.86153,-152.6404,42,266.148,84
2021,10,July,191,123,BL3028,Anton Larsen Bay,Eastern Kodiak,57.86153,-152.6404,39,184.72,68
2021,10,July,191,105,BL3029,Anton Larsen Bay,Eastern Kodiak,57.882,-152.62572,41,252.019,86
2021,9,July,190,116,BL3031,Anton Larsen Bay,Eastern Kodiak,57.86153,-152.6404,41,212.834,74
2021,9,July,190,77,BL3032,Anton Larsen Bay,Eastern Kodiak,57.86153,-152.6404,54,330.841,113
2021,9,July,190,95,BL3033,Anton Larsen Bay,Eastern Kodiak,57.86153,-152.6404,48,294.432,95
2021,9,July,190,125,BL3034,Anton Larsen Bay,Eastern Kodiak,57.86153,-152.6404,44,201.807,65
2021,9,July,190,114,BL3037,Anton Larsen Bay,Eastern Kodiak,57.86153,-152.6404,42,221.047,76
2021,9,July,190,122,BL3038,Anton Larsen Bay,Eastern Kodiak,57.86153,-152.6404,41,182.711,68
2021,9,July,190,101,BL3039,Anton Larsen Bay,Eastern Kodiak,57.86153,-152.6404,44,272.152,89
2021,9,July,190,77,BL3040,Anton Larsen Bay,Eastern Kodiak,57.86153,-152.6404,47,332.208,113
2021,10,July,191,78,BL3042,Anton Larsen Bay,Eastern Kodiak,57.88017,-152.64703,58,396.608,113
2021,10,July,191,53,BL3043,Anton Larsen Bay,Eastern Kodiak,57.88017,-152.64703,90,530.487,138
2021,10,July,191,48,BL3044,Anton Larsen Bay,Eastern Kodiak,57.88017,-152.64703,70,546.843,143
2021,10,July,191,60,BL3046,Anton Larsen Bay,Eastern Kodiak,57.88017,-152.64703,75,508.174,131
2021,10,July,191,34,BL3047,Anton Larsen Bay,Eastern Kodiak,57.88017,-152.64703,89,555.773,157
2021,10,July,191,43,BL3048,Anton Larsen Bay,Eastern Kodiak,57.88017,-152.64703,92,549.526,148
2021,10,July,191,41,BL3049,Anton Larsen Bay,Eastern Kodiak,57.88017,-152.64703,83,474.351,150
2021,10,July,191,43,BL3050,Anton Larsen Bay,Eastern Kodiak,57.88017,-152.64703,81,530.435,148
2021,10,July,191,68,BL3051,Anton Larsen Bay,Eastern Kodiak,57.88017,-152.64703,87,467.336,123
2021,10,July,191,65,BL3052,Anton Larsen Bay,Eastern Kodiak,57.88017,-152.64703,52,390.83,126
2021,10,July,191,28,BL3053,Anton Larsen Bay,Eastern Kodiak,57.88017,-152.64703,90,605.107,163
2021,10,July,191,56,BL3054,Anton Larsen Bay,Eastern Kodiak,57.88017,-152.64703,77,449.398,135
2021,10,July,191,18,BL3055,Anton Larsen Bay,Eastern Kodiak,57.88017,-152.64703,95,679.471,173
2021,10,July,191,52,BL3056,Anton Larsen Bay,Eastern Kodiak,57.88017,-152.64703,87,528.947,139
2021,10,July,191,36,BL3057,Anton Larsen Bay,Eastern Kodiak,57.88017,-152.64703,87,627.468,155
2021,10,July,191,63,BL3058,Anton Larsen Bay,Eastern Kodiak,57.88017,-152.64703,75,464.083,128
2021,10,July,191,42,BL3059,Anton Larsen Bay,Eastern Kodiak,57.88017,-152.64703,81,612.662,149
2022,14,July,195,119,BL3519,Anton Larsen Bay,Eastern Kodiak,57.88288,-152.62508,46,263.87,76
2022,14,July,195,96,BL3520,Anton Larsen Bay,Eastern Kodiak,57.88288,-152.62508,49,350.2,99
2022,14,July,195,73,BL3521,Anton Larsen Bay,Eastern Kodiak,57.88288,-152.62508,65,469.46,122
2022,14,July,195,78,BL3525,Anton Larsen Bay,Eastern Kodiak,57.87825,-152.64772,77,494.58,117
2022,13,July,194,102,BL3527,Anton Larsen Bay,Eastern Kodiak,57.87812,-152.63642,48,297.4,92
2022,13,July,194,101,BL3528,Anton Larsen Bay,Eastern Kodiak,57.87812,-152.63642,56,317.77,93
2022,13,July,194,109,BL3530,Anton Larsen Bay,Eastern Kodiak,57.87812,-152.63642,43,300.21,85
2022,13,July,194,93,BL3531,Anton Larsen Bay,Eastern Kodiak,57.87812,-152.63642,58,378.59,101
2022,13,July,194,110,BL3532,Anton Larsen Bay,Eastern Kodiak,57.87812,-152.63642,43,261.29,84
2022,12,July,193,110,BL3537,Anton Larsen Bay,Eastern Kodiak,57.882,-152.62572,41,292.91,83
2022,12,July,193,127,BL3538,Anton Larsen Bay,Eastern Kodiak,57.882,-152.62572,34,213.76,66
2022,13,July,194,122,BL3548,Anton Larsen Bay,Eastern Kodiak,57.87812,-152.63642,39,250.11,72
2018,1,Aug,213,106,KDSP-151,Baralof Bay,Shumagin Islands,55.228,-160.5598,45,357.43,107
2018,1,Aug,213,115,KDSP-152,Baralof Bay,Shumagin Islands,55.228,-160.5598,42,329.69,98
2018,1,Aug,213,117,KDSP-153,Baralof Bay,Shumagin Islands,55.228,-160.5598,40,308.2,96
2018,1,Aug,213,119,KDSP-154,Baralof Bay,Shumagin Islands,55.2293,-160.5623,50,351.71,94
2018,1,Aug,213,106,KDSP-156,Baralof Bay,Shumagin Islands,55.228,-160.5598,53,422.22,107
2018,1,Aug,213,119,KDSP-157,Baralof Bay,Shumagin Islands,55.228,-160.5598,49,377.77,94
2018,1,Aug,213,97,KDSP-178,Baralof Bay,Shumagin Islands,55.2293,-160.5623,75,450.58,116
2018,1,Aug,213,88,KDSP-179,Baralof Bay,Shumagin Islands,55.2293,-160.5623,78,524.17,125
2018,1,Aug,213,83,KDSP-180,Baralof Bay,Shumagin Islands,55.2293,-160.5623,69,529.07,130
2018,1,Aug,213,115,KDSP-181,Baralof Bay,Shumagin Islands,55.228,-160.5598,49,389.27,98
2018,1,Aug,213,92,KDSP-20,Baralof Bay,Shumagin Islands,55.228,-160.5598,76,557.74,121
2018,1,Aug,213,69,KDSP-203,Baralof Bay,Shumagin Islands,55.2293,-160.5623,92,613.78,144
2018,1,Aug,213,87,KDSP-21,Baralof Bay,Shumagin Islands,55.228,-160.5598,76,536.02,126
2018,1,Aug,213,100,KDSP-22,Baralof Bay,Shumagin Islands,55.228,-160.5598,53,440.82,113
2018,1,Aug,213,104,KDSP-23,Baralof Bay,Shumagin Islands,55.228,-160.5598,50,396.45,109
2018,1,Aug,213,123,KDSP-24,Baralof Bay,Shumagin Islands,55.228,-160.5598,43,335.09,90
2018,1,Aug,213,65,KDSP-25,Baralof Bay,Shumagin Islands,55.2293,-160.5623,75,598.5,148
2018,1,Aug,213,111,KDSP-27,Baralof Bay,Shumagin Islands,55.2293,-160.5623,55,371.62,102
2018,1,Aug,213,114,KDSP-28,Baralof Bay,Shumagin Islands,55.2293,-160.5623,58,364.42,99
2018,1,Aug,213,121,KDSP-29,Baralof Bay,Shumagin Islands,55.2293,-160.5623,44,356.11,92
2020,23,July,205,117,KDSP-862,Baralof Bay,Shumagin Islands,55.2293,-160.5519,49,297.62,88
2020,23,July,205,119,KDSP-863,Baralof Bay,Shumagin Islands,55.2293,-160.5519,46,336.18,86
2020,23,July,205,115,KDSP-866,Baralof Bay,Shumagin Islands,55.2293,-160.5519,52,360.54,90
2020,23,July,205,136,KDSP-867,Baralof Bay,Shumagin Islands,55.2293,-160.5519,44,268.62,69
2020,23,July,205,119,KDSP-869,Baralof Bay,Shumagin Islands,55.2293,-160.5519,48,330.72,86
2020,23,July,205,110,KDSP-870,Baralof Bay,Shumagin Islands,55.2293,-160.5519,52,363.93,95
2020,23,July,205,102,KDSP-872,Baralof Bay,Shumagin Islands,55.2293,-160.5519,57,400.91,103
2020,23,July,205,92,KDSP-873,Baralof Bay,Shumagin Islands,55.2293,-160.5519,62,461.41,113
2020,23,July,205,93,KDSP-875,Baralof Bay,Shumagin Islands,55.2293,-160.5519,67,448.6,112
2020,23,July,205,121,KDSP-876,Baralof Bay,Shumagin Islands,55.2293,-160.5519,44,289.64,84
2020,23,July,205,114,KDSP-877,Baralof Bay,Shumagin Islands,55.2293,-160.5519,47,290.39,91
2020,23,July,205,112,KDSP-878,Baralof Bay,Shumagin Islands,55.2293,-160.5519,47,374.58,93
2020,23,July,205,129,KDSP-879,Baralof Bay,Shumagin Islands,55.2293,-160.5519,40,254.72,76
2020,23,July,205,127,KDSP-880,Baralof Bay,Shumagin Islands,55.2293,-160.5519,47,308.7,78
2020,23,July,205,103,KDSP-882,Baralof Bay,Shumagin Islands,55.2293,-160.5519,57,407.95,102
2020,23,July,205,98,KDSP-883,Baralof Bay,Shumagin Islands,55.2293,-160.5519,61,451,107
2020,23,July,205,114,KDSP-884,Baralof Bay,Shumagin Islands,55.2293,-160.5519,54,393.4,91
2020,23,July,205,119,KDSP-886,Baralof Bay,Shumagin Islands,55.2293,-160.5519,41,285.6,86
2021,15,July,196,131,KDSP-1293,Baralof Bay,Shumagin Islands,55.2295,-160.5645,37,202.77,65
2021,15,July,196,115,KDSP-1294,Baralof Bay,Shumagin Islands,55.2295,-160.5645,45,284.93,81
2021,15,July,196,128,KDSP-1296,Baralof Bay,Shumagin Islands,55.2295,-160.5645,39,213.25,68
2021,15,July,196,137,KDSP-1297,Baralof Bay,Shumagin Islands,55.2295,-160.5645,35,206.21,59
2021,15,July,196,127,KDSP-1298,Baralof Bay,Shumagin Islands,55.2303,-160.5486,43,272.13,69
2021,15,July,196,125,KDSP-1299,Baralof Bay,Shumagin Islands,55.2303,-160.5486,41,268.39,71
2021,15,July,196,122,KDSP-1300,Baralof Bay,Shumagin Islands,55.2303,-160.5486,44,250.23,74
2021,15,July,196,127,KDSP-1301,Baralof Bay,Shumagin Islands,55.2303,-160.5486,36,220.95,69
2021,15,July,196,132,KDSP-1302,Baralof Bay,Shumagin Islands,55.2303,-160.5486,40,209.88,64
2021,15,July,196,127,KDSP-1303,Baralof Bay,Shumagin Islands,55.2303,-160.5486,39,225.09,69
2021,15,July,196,128,KDSP-1304,Baralof Bay,Shumagin Islands,55.2303,-160.5486,35,216.61,68
2021,15,July,196,128,KDSP-1306,Baralof Bay,Shumagin Islands,55.2303,-160.5486,38,237.02,68
2021,15,July,196,133,KDSP-1307,Baralof Bay,Shumagin Islands,55.2303,-160.5486,36,243.48,63
2021,15,July,196,129,KDSP-1308,Baralof Bay,Shumagin Islands,55.2303,-160.5486,35,237.22,67
2021,15,July,196,123,KDSP-1309,Baralof Bay,Shumagin Islands,55.2303,-160.5486,38,262,73
2021,15,July,196,130,KDSP-1310,Baralof Bay,Shumagin Islands,55.2303,-160.5486,33,216.55,66
2021,15,July,196,121,KDSP-1311,Baralof Bay,Shumagin Islands,55.2303,-160.5486,40,226.98,75
2021,15,July,196,127,KDSP-1312,Baralof Bay,Shumagin Islands,55.2303,-160.5486,43,246.15,69
2021,15,July,196,115,KDSP-1313,Baralof Bay,Shumagin Islands,55.2303,-160.5486,47,285.35,81
2021,15,July,196,140,KDSP-1314,Baralof Bay,Shumagin Islands,55.2303,-160.5486,35,209.83,56
2021,15,July,196,125,KDSP-1315,Baralof Bay,Shumagin Islands,55.2303,-160.5486,36,207.39,71
2021,15,July,196,121,KDSP-1316,Baralof Bay,Shumagin Islands,55.2303,-160.5486,45,256.45,75
2021,15,July,196,126,KDSP-1317,Baralof Bay,Shumagin Islands,55.2303,-160.5486,44,270.5,70
2018,17,July,198,87,2011,Cook Bay,Eastern Kodiak,57.76952,-152.27667,55,368,112
2018,17,July,198,65,2016,Cook Bay,Eastern Kodiak,57.76952,-152.27667,62,438,134
2023,29,June,180,105,KDSP-1790,Cook Bay,Eastern Kodiak,57.7689,-152.2752,40,228.16,75
2023,29,June,180,93,KDSP-1791,Cook Bay,Eastern Kodiak,57.7689,-152.2752,43,296.75,87
2023,29,June,180,107,KDSP-1792,Cook Bay,Eastern Kodiak,57.7689,-152.2752,41,250.45,78
2023,29,June,180,112,KDSP-1794,Cook Bay,Eastern Kodiak,57.7689,-152.2752,42,223.63,68
2023,29,June,180,102,KDSP-1795,Cook Bay,Eastern Kodiak,57.7689,-152.2752,41,240.69,78
2023,29,June,180,99,KDSP-1796,Cook Bay,Eastern Kodiak,57.7689,-152.2752,43,264.79,81
2023,29,June,180,100,KDSP-1797,Cook Bay,Eastern Kodiak,57.7689,-152.2752,42,237.56,80
2023,29,June,180,102,KDSP-1798,Cook Bay,Eastern Kodiak,57.7689,-152.2752,39,241.56,78
2023,29,June,180,102,KDSP-1800,Cook Bay,Eastern Kodiak,57.7689,-152.2752,39,264.84,78
2023,29,June,180,100,KDSP-1801,Cook Bay,Eastern Kodiak,57.7689,-152.2752,42,265.01,80
2023,29,June,180,90,KDSP-1802,Cook Bay,Eastern Kodiak,57.7689,-152.2752,43,306.34,90
2023,29,June,180,104,KDSP-1803,Cook Bay,Eastern Kodiak,57.7689,-152.2752,37,247.64,76
2023,29,June,180,100,KDSP-1804,Cook Bay,Eastern Kodiak,57.7689,-152.2752,42,263.54,80
2023,29,June,180,106,KDSP-1805,Cook Bay,Eastern Kodiak,57.7689,-152.2752,38,246.05,74
2023,29,June,180,97,KDSP-1807,Cook Bay,Eastern Kodiak,57.7689,-152.2752,45,250.28,83
2023,29,June,180,102,KDSP-1808,Cook Bay,Eastern Kodiak,57.7689,-152.2752,43,232.11,78
2023,29,June,180,101,KDSP-1809,Cook Bay,Eastern Kodiak,57.7689,-152.2752,37,234.08,79
2023,29,June,180,101,KDSP-1810,Cook Bay,Eastern Kodiak,57.7689,-152.2752,40,241.52,79
2023,29,June,180,96,KDSP-1811,Cook Bay,Eastern Kodiak,57.7689,-152.2752,43,270.25,84
2023,29,June,180,99,KDSP-1812,Cook Bay,Eastern Kodiak,57.7689,-152.2752,45,272.17,81
2023,29,June,180,99,KDSP-1814,Cook Bay,Eastern Kodiak,57.7689,-152.2752,42,259.65,81
2020,2,July,184,89,EFH18-19-247,Cook Bay,Eastern Kodiak,57.7686,-152.2738,56,367.64,95
2020,2,July,184,83,EFH18-19-249,Cook Bay,Eastern Kodiak,57.7686,-152.2738,61,379.85,101
2020,2,July,184,88,EFH18-19-250,Cook Bay,Eastern Kodiak,57.7686,-152.2738,56,371.97,96
2020,2,July,184,92,EFH18-19-251,Cook Bay,Eastern Kodiak,57.7686,-152.2738,56,342.24,92
2020,2,July,184,88,EFH18-19-252,Cook Bay,Eastern Kodiak,57.7686,-152.2738,65,374.06,96
2020,2,July,184,96,EFH18-19-253,Cook Bay,Eastern Kodiak,57.7686,-152.2738,50,336.88,88
2020,2,July,184,90,EFH18-19-254,Cook Bay,Eastern Kodiak,57.7686,-152.2738,58,380.68,94
2020,2,July,184,97,EFH18-19-255,Cook Bay,Eastern Kodiak,57.7686,-152.2738,57,334.03,87
2020,2,July,184,93,EFH18-19-256,Cook Bay,Eastern Kodiak,57.7686,-152.2738,58,350.92,91
2020,2,July,184,84,EFH18-19-257,Cook Bay,Eastern Kodiak,57.7686,-152.2738,60,364.58,100
2020,2,July,184,81,EFH18-19-258,Cook Bay,Eastern Kodiak,57.7686,-152.2738,61,383.39,103
2020,2,July,184,90,EFH18-19-259,Cook Bay,Eastern Kodiak,57.7686,-152.2738,61,375.6,94
2020,2,July,184,95,EFH18-19-260,Cook Bay,Eastern Kodiak,57.7686,-152.2738,53,326.05,89
2020,2,July,184,91,EFH18-19-261,Cook Bay,Eastern Kodiak,57.7686,-152.2738,55,386.13,93
2020,2,July,184,91,EFH18-19-263,Cook Bay,Eastern Kodiak,57.7686,-152.2738,59,380.57,93
2020,2,July,184,89,EFH18-19-264,Cook Bay,Eastern Kodiak,57.7686,-152.2738,62,388.78,95
2020,2,July,184,92,EFH18-19-265,Cook Bay,Eastern Kodiak,57.7686,-152.2738,56,360.97,92
2020,2,July,184,87,EFH18-19-266,Cook Bay,Eastern Kodiak,57.7686,-152.2738,59,364.15,97
2022,15,July,195,78,BL3541,Cook Bay,Eastern Kodiak,57.77927,-152.26307,61,450.06,117
2022,15,July,195,104,BL3545,Cook Bay,Eastern Kodiak,57.77927,-152.26307,49,358,91
2022,15,July,195,110,BL3549,Cook Bay,Eastern Kodiak,57.77927,-152.26307,52,322.7,85
2022,15,July,195,85,BL3554,Cook Bay,Eastern Kodiak,57.77927,-152.26307,66,422.12,110
2022,15,July,195,107,BL3555,Cook Bay,Eastern Kodiak,57.77927,-152.26307,51,323.08,88
2022,15,July,195,112,BL3557,Cook Bay,Eastern Kodiak,57.77462,-152.25735,42,271.3,83
2022,15,July,195,89,BL3558,Cook Bay,Eastern Kodiak,57.77462,-152.25735,67,413.8,106
2022,15,July,195,62,BL3562,Cook Bay,Eastern Kodiak,57.77462,-152.25735,71,550.56,133
2022,15,July,195,104,BL3565,Cook Bay,Eastern Kodiak,57.77927,-152.26307,51,336.76,91
2022,15,July,195,104,BL3567,Cook Bay,Eastern Kodiak,57.77927,-152.26307,50,320.18,91
2022,16,July,196,111,BL3570,Cook Bay,Eastern Kodiak,57.782,-152.24778,56,349.83,85
2018,29,July,210,99,KDSP-172,Falmouth Bay,Shumagin Islands,55.0669,-160.1267,54,412.8,111
2018,29,July,210,104,KDSP-173,Falmouth Bay,Shumagin Islands,55.0669,-160.1267,50,407.73,106
2018,29,July,210,115,KDSP-174,Falmouth Bay,Shumagin Islands,55.0669,-160.1267,43,358.59,95
2018,29,July,210,107,KDSP-175,Falmouth Bay,Shumagin Islands,55.0669,-160.1267,40,332.4,103
2018,29,July,210,112,KDSP-177,Falmouth Bay,Shumagin Islands,55.0669,-160.1267,42,341.83,98
2018,30,July,211,104,KDSP-183,Falmouth Bay,Shumagin Islands,55.0694,-160.1137,50,412.93,107
2018,30,July,211,105,KDSP-184,Falmouth Bay,Shumagin Islands,55.0694,-160.1137,53,423.97,106
2018,30,July,211,116,KDSP-185,Falmouth Bay,Shumagin Islands,55.0694,-160.1137,40,301.87,95
2018,30,July,211,106,KDSP-186,Falmouth Bay,Shumagin Islands,55.0694,-160.1137,45,350.73,105
2018,30,July,211,56,KDSP-196,Falmouth Bay,Shumagin Islands,55.0694,-160.1137,92,661.55,155
2018,30,July,211,66,KDSP-198,Falmouth Bay,Shumagin Islands,55.0684,-160.1125,85,596.51,145
2018,30,July,211,95,KDSP-199,Falmouth Bay,Shumagin Islands,55.0684,-160.1125,66,516.47,116
2018,30,July,211,115,KDSP-201,Falmouth Bay,Shumagin Islands,55.0684,-160.1125,42,308.41,96
2018,30,July,211,118,KDSP-202,Falmouth Bay,Shumagin Islands,55.0684,-160.1125,40,292.21,93
2018,30,July,211,85,KDSP-75,Falmouth Bay,Shumagin Islands,55.0694,-160.1137,83,568.53,126
2018,30,July,211,92,KDSP-76,Falmouth Bay,Shumagin Islands,55.0694,-160.1137,65,485.47,119
2018,30,July,211,48,KDSP-77,Falmouth Bay,Shumagin Islands,55.0694,-160.1137,91,653.47,163
2018,30,July,211,111,KDSP-78,Falmouth Bay,Shumagin Islands,55.0694,-160.1137,53,359.54,100
2018,30,July,211,104,KDSP-79,Falmouth Bay,Shumagin Islands,55.0694,-160.1137,55,380.11,107
2018,30,July,211,79,KDSP-80,Falmouth Bay,Shumagin Islands,55.0669,-160.1267,72,553.84,132
2018,30,July,211,97,KDSP-81,Falmouth Bay,Shumagin Islands,55.0669,-160.1267,77,530.4,114
2018,30,July,211,100,KDSP-83,Falmouth Bay,Shumagin Islands,55.0669,-160.1267,56,391.99,111
2018,30,July,211,114,KDSP-84,Falmouth Bay,Shumagin Islands,55.0669,-160.1267,53,356.51,97
2019,23,July,204,137,KDSP-559,Falmouth Bay,Shumagin Islands,55.0686,-160.1126,36,238.42,67
2019,23,July,204,98,KDSP-560,Falmouth Bay,Shumagin Islands,55.0686,-160.1126,61,456.21,106
2019,23,July,204,97,KDSP-561,Falmouth Bay,Shumagin Islands,55.0686,-160.1126,62,462.38,107
2019,23,July,204,103,KDSP-562,Falmouth Bay,Shumagin Islands,55.0686,-160.1126,58,468.38,101
2019,23,July,204,102,KDSP-563,Falmouth Bay,Shumagin Islands,55.0686,-160.1126,66,451.08,102
2020,19,July,201,102,KDSP-937,Falmouth Bay,Shumagin Islands,55.0685,-160.1126,52,388.53,99
2020,19,July,201,111,KDSP-938,Falmouth Bay,Shumagin Islands,55.0685,-160.1126,45,340.16,90
2020,19,July,201,131,KDSP-939,Falmouth Bay,Shumagin Islands,55.0685,-160.1126,38,254.91,70
2020,19,July,201,119,KDSP-941,Falmouth Bay,Shumagin Islands,55.0685,-160.1126,44,283.4,82
2020,19,July,201,109,KDSP-942,Falmouth Bay,Shumagin Islands,55.0689,-160.1296,50,327.12,92
2020,19,July,201,117,KDSP-943,Falmouth Bay,Shumagin Islands,55.0689,-160.1296,48,299.85,84
2020,19,July,201,109,KDSP-944,Falmouth Bay,Shumagin Islands,55.0689,-160.1296,44,337.57,92
2020,19,July,201,107,KDSP-946,Falmouth Bay,Shumagin Islands,55.0689,-160.1296,50,326.41,94
2020,19,July,201,103,KDSP-947,Falmouth Bay,Shumagin Islands,55.0689,-160.1296,51,378.06,98
2020,19,July,201,114,KDSP-948,Falmouth Bay,Shumagin Islands,55.0689,-160.1296,50,305.96,87
2020,19,July,201,111,KDSP-949,Falmouth Bay,Shumagin Islands,55.0689,-160.1296,46,345.98,90
2020,19,July,201,115,KDSP-950,Falmouth Bay,Shumagin Islands,55.0689,-160.1296,52,314,86
2020,19,July,201,110,KDSP-951,Falmouth Bay,Shumagin Islands,55.0689,-160.1296,45,333.92,91
2020,19,July,201,116,KDSP-952,Falmouth Bay,Shumagin Islands,55.0689,-160.1296,48,310.57,85
2020,19,July,201,118,KDSP-953,Falmouth Bay,Shumagin Islands,55.0689,-160.1296,47,282.1,83
2020,19,July,201,113,KDSP-954,Falmouth Bay,Shumagin Islands,55.0689,-160.1296,48,348.7,88
2020,19,July,201,116,KDSP-955,Falmouth Bay,Shumagin Islands,55.0689,-160.1296,50,330,85
2020,19,July,201,120,KDSP-956,Falmouth Bay,Shumagin Islands,55.0689,-160.1296,44,295.3,81
2020,19,July,201,130,KDSP-957,Falmouth Bay,Shumagin Islands,55.0689,-160.1296,39,241.19,71
2020,19,July,201,117,KDSP-959,Falmouth Bay,Shumagin Islands,55.0689,-160.1296,44,304.07,84
2020,19,July,201,120,KDSP-960,Falmouth Bay,Shumagin Islands,55.0689,-160.1296,45,294.09,81
2021,17,July,198,129,KDSP-1261,Falmouth Bay,Shumagin Islands,55.0689,-160.1297,42,240.48,69
2021,17,July,198,127,KDSP-1262,Falmouth Bay,Shumagin Islands,55.0689,-160.1297,40,263.44,71
2021,17,July,198,128,KDSP-1263,Falmouth Bay,Shumagin Islands,55.0689,-160.1297,41,274.37,70
2021,17,July,198,137,KDSP-1264,Falmouth Bay,Shumagin Islands,55.0689,-160.1297,35,191.25,61
2021,17,July,198,129,KDSP-1265,Falmouth Bay,Shumagin Islands,55.0689,-160.1297,38,241.72,69
2021,17,July,198,134,KDSP-1267,Falmouth Bay,Shumagin Islands,55.0668,-160.1269,33,214.4,64
2022,14,July,195,95,KDSP-1548.2,Falmouth Bay,Shumagin Islands,55.0685,-160.1127,53,405.89,100
2022,14,July,195,94,KDSP-1551.2,Falmouth Bay,Shumagin Islands,55.0685,-160.1127,53,367.31,101
2022,14,July,195,102,KDSP-1552.2,Falmouth Bay,Shumagin Islands,55.0685,-160.1127,46,330.35,93
2022,14,July,195,113,KDSP-1553.2,Falmouth Bay,Shumagin Islands,55.0685,-160.1127,47,300.12,82
2022,14,July,195,101,KDSP-1554.2,Falmouth Bay,Shumagin Islands,55.0685,-160.1127,58,347.92,94
2022,14,July,195,98,KDSP-1555.2,Falmouth Bay,Shumagin Islands,55.0685,-160.1127,52,361.36,97
2022,14,July,195,107,KDSP-1556.2,Falmouth Bay,Shumagin Islands,55.0685,-160.1127,46,304,88
2022,14,July,195,117,KDSP-1557.2,Falmouth Bay,Shumagin Islands,55.0685,-160.1127,42,297.37,78
2022,14,July,195,100,KDSP-1559.2,Falmouth Bay,Shumagin Islands,55.0685,-160.1127,52,353.27,95
2022,14,July,195,113,KDSP-1560.2,Falmouth Bay,Shumagin Islands,55.0685,-160.1127,49,303.08,82
2022,14,July,195,112,KDSP-1561.2,Falmouth Bay,Shumagin Islands,55.0685,-160.1127,47,312.08,83
2022,14,July,195,104,KDSP-1563.2,Falmouth Bay,Shumagin Islands,55.0685,-160.1127,51,341.67,91
2022,14,July,195,109,KDSP-1565.2,Falmouth Bay,Shumagin Islands,55.0685,-160.1127,47,322.08,86
2022,14,July,195,109,KDSP-1566.2,Falmouth Bay,Shumagin Islands,55.0685,-160.1127,42,298.3,86
2022,14,July,195,107,KDSP-1567.2,Falmouth Bay,Shumagin Islands,55.0685,-160.1127,45,310.32,88
2022,14,July,195,103,KDSP-1568.2,Falmouth Bay,Shumagin Islands,55.0685,-160.1127,45,319.93,92
2022,14,July,195,102,KDSP-1569.2,Falmouth Bay,Shumagin Islands,55.0685,-160.1127,53,360.54,93
2022,14,July,195,111,KDSP-1571.2,Falmouth Bay,Shumagin Islands,55.0685,-160.1127,49,305.82,84
2022,14,July,195,115,KDSP-1573.2,Falmouth Bay,Shumagin Islands,55.0685,-160.1127,37,262.24,80
2022,14,July,195,128,KDSP-1574.2,Falmouth Bay,Shumagin Islands,55.0685,-160.1127,34,231.64,67
2022,14,July,195,125,KDSP-1575.2,Falmouth Bay,Shumagin Islands,55.0685,-160.1127,34,205.16,70
2022,14,July,195,121,KDSP-1576.2,Falmouth Bay,Shumagin Islands,55.0685,-160.1127,37,251.24,74
2022,14,July,195,115,KDSP-1577.2,Falmouth Bay,Shumagin Islands,55.0685,-160.1127,41,277.92,80
2023,19,July,200,90,KDSP-1998.2,Falmouth Bay,Shumagin Islands,55.0695,-160.114,71,458.17,110
2023,19,July,200,95,KDSP-1999.2,Falmouth Bay,Shumagin Islands,55.0695,-160.114,72,402.82,105
2023,19,July,200,87,KDSP-2000.2,Falmouth Bay,Shumagin Islands,55.0695,-160.114,68,434.02,113
2023,19,July,200,81,KDSP-2001.2,Falmouth Bay,Shumagin Islands,55.0695,-160.114,69,445.19,119
2023,19,July,200,100,KDSP-2002.2,Falmouth Bay,Shumagin Islands,55.0695,-160.114,63,411.48,100
2023,19,July,200,106,KDSP-2003.2,Falmouth Bay,Shumagin Islands,55.0695,-160.114,67,382.57,94
2023,19,July,200,96,KDSP-2005.2,Falmouth Bay,Shumagin Islands,55.0695,-160.114,65,425.7,104
2023,19,July,200,91,KDSP-2006.2,Falmouth Bay,Shumagin Islands,55.0695,-160.114,66,420.77,109
2023,19,July,200,99,KDSP-2007.2,Falmouth Bay,Shumagin Islands,55.0695,-160.114,65,378.99,101
2023,19,July,200,85,KDSP-2009.2,Falmouth Bay,Shumagin Islands,55.0695,-160.114,68,451.3,115
2023,19,July,200,92,KDSP-2010.2,Falmouth Bay,Shumagin Islands,55.0695,-160.114,62,411.61,108
2023,19,July,200,90,KDSP-2011.2,Falmouth Bay,Shumagin Islands,55.0695,-160.114,64,423.31,110
2023,19,July,200,97,KDSP-2012.2,Falmouth Bay,Shumagin Islands,55.0695,-160.114,68,404.18,103
2023,19,July,200,96,KDSP-2013.2,Falmouth Bay,Shumagin Islands,55.0695,-160.114,64,395.97,104
2023,19,July,200,92,KDSP-2014.2,Falmouth Bay,Shumagin Islands,55.0695,-160.114,68,393.85,108
2023,19,July,200,94,KDSP-2015.2,Falmouth Bay,Shumagin Islands,55.0695,-160.114,65,401.88,106
2023,19,July,200,92,KDSP-2017.2,Falmouth Bay,Shumagin Islands,55.0695,-160.114,68,433.89,108
2023,19,July,200,79,KDSP-2018.2,Falmouth Bay,Shumagin Islands,55.0695,-160.114,71,504.22,121
2023,19,July,200,86,KDSP-2019.2,Falmouth Bay,Shumagin Islands,55.0695,-160.114,63,434.97,114
2023,19,July,200,88,KDSP-2021.2,Falmouth Bay,Shumagin Islands,55.0695,-160.114,60,440.09,112
2023,19,July,200,97,KDSP-2022.2,Falmouth Bay,Shumagin Islands,55.0695,-160.114,61,417.73,103
2018,9,July,190,64,KDSP-492,Kaiugnak Bay,Kaiugnak Bay,57.057,-153.7047,62,399.86,126
2018,9,July,190,104,KDSP-497,Kaiugnak Bay,Kaiugnak Bay,57.057,-153.7047,42,274.02,86
2018,9,July,190,78,KDSP-499,Kaiugnak Bay,Kaiugnak Bay,57.0708,-153.6749,63,413.77,112
2018,9,July,190,76,KDSP-500,Kaiugnak Bay,Kaiugnak Bay,57.0708,-153.6749,64,420.37,114
2018,9,July,190,87,KDSP-501,Kaiugnak Bay,Kaiugnak Bay,57.0708,-153.6749,60,389.78,103
2018,9,July,190,88,KDSP-504,Kaiugnak Bay,Kaiugnak Bay,57.0708,-153.6749,49,336.96,102
2018,9,July,190,83,KDSP-505,Kaiugnak Bay,Kaiugnak Bay,57.0708,-153.6749,55,358.58,107
2018,9,July,190,106,KDSP-507,Kaiugnak Bay,Kaiugnak Bay,57.0708,-153.6749,48,333.19,84
2018,9,July,190,101,KDSP-511,Kaiugnak Bay,Kaiugnak Bay,57.0708,-153.6749,55,364.51,89
2018,9,July,190,80,KDSP-512,Kaiugnak Bay,Kaiugnak Bay,57.0708,-153.6749,55,378.11,110
2018,9,July,190,81,KDSP-514,Kaiugnak Bay,Kaiugnak Bay,57.0708,-153.6749,55,394.22,109
2019,7,Aug,219,111,KDSP-433.2,Kaiugnak Bay,Kaiugnak Bay,57.0535,-153.6528,65,446.26,108
2019,7,Aug,219,86,KDSP-438.2,Kaiugnak Bay,Kaiugnak Bay,57.0535,-153.6528,77,606.36,133
2019,7,Aug,219,110,KDSP-439.2,Kaiugnak Bay,Kaiugnak Bay,57.0535,-153.6528,74,495.14,109
2019,7,Aug,219,124,KDSP-441.2,Kaiugnak Bay,Kaiugnak Bay,57.0535,-153.6528,61,430.14,95
2019,7,Aug,219,100,KDSP-442.2,Kaiugnak Bay,Kaiugnak Bay,57.0535,-153.6528,80,536.74,119
2019,7,Aug,219,102,KDSP-443.2,Kaiugnak Bay,Kaiugnak Bay,57.0535,-153.6528,73,520.14,117
2019,7,Aug,219,96,KDSP-444.2,Kaiugnak Bay,Kaiugnak Bay,57.0535,-153.6528,76,552.74,123
2019,7,Aug,219,104,KDSP-446.2,Kaiugnak Bay,Kaiugnak Bay,57.0535,-153.6528,64,503.6,115
2019,7,Aug,219,109,KDSP-449.2,Kaiugnak Bay,Kaiugnak Bay,57.0535,-153.6528,75,495.12,110
2019,7,Aug,219,102,KDSP-456.2,Kaiugnak Bay,Kaiugnak Bay,57.0535,-153.6528,67,469.75,117
2019,7,Aug,219,116,KDSP-457.2,Kaiugnak Bay,Kaiugnak Bay,57.0535,-153.6528,62,421.48,103
2019,7,Aug,219,86,KDSP-462.2,Kaiugnak Bay,Kaiugnak Bay,57.0571,-153.7032,84,551.05,133
2019,7,Aug,219,75,KDSP-463.2,Kaiugnak Bay,Kaiugnak Bay,57.0571,-153.7032,79,631.6,144
2019,7,Aug,219,95,KDSP-464.2,Kaiugnak Bay,Kaiugnak Bay,57.0571,-153.7032,80,553.51,124
2019,7,Aug,219,99,KDSP-465.2,Kaiugnak Bay,Kaiugnak Bay,57.0571,-153.7032,76,527.05,120
2019,7,Aug,219,100,KDSP-467.2,Kaiugnak Bay,Kaiugnak Bay,57.0571,-153.7032,81,508.53,119
2019,7,Aug,219,125,KDSP-470.2,Kaiugnak Bay,Kaiugnak Bay,57.0571,-153.7032,61,416.61,94
2019,7,Aug,219,95,KDSP-478.2,Kaiugnak Bay,Kaiugnak Bay,57.0571,-153.7032,75,544.72,124
2019,7,Aug,219,79,KDSP-479.2,Kaiugnak Bay,Kaiugnak Bay,57.0571,-153.7032,89,678.53,140
2019,7,Aug,219,78,KDSP-480.2,Kaiugnak Bay,Kaiugnak Bay,57.0571,-153.7032,85,606.32,141
2019,7,Aug,219,86,KDSP-481.2,Kaiugnak Bay,Kaiugnak Bay,57.0571,-153.7032,79,554.58,133
2019,7,Aug,219,104,KDSP-482.2,Kaiugnak Bay,Kaiugnak Bay,57.0571,-153.7032,63,498.34,115
2020,1,Aug,214,85,KDSP-789,Kaiugnak Bay,Kaiugnak Bay,57.0607,-153.7055,75,540.74,129
2020,1,Aug,214,89,KDSP-790,Kaiugnak Bay,Kaiugnak Bay,57.0607,-153.7055,81,561.02,125
2020,1,Aug,214,93,KDSP-793,Kaiugnak Bay,Kaiugnak Bay,57.0607,-153.7055,74,489.74,121
2020,1,Aug,214,89,KDSP-795,Kaiugnak Bay,Kaiugnak Bay,57.0572,-153.703,69,563.24,125
2020,1,Aug,214,84,KDSP-796,Kaiugnak Bay,Kaiugnak Bay,57.0572,-153.703,70,560.12,130
2020,1,Aug,214,92,KDSP-797,Kaiugnak Bay,Kaiugnak Bay,57.0572,-153.703,79,526.69,122
2020,1,Aug,214,106,KDSP-798,Kaiugnak Bay,Kaiugnak Bay,57.0572,-153.703,67,432.37,108
2020,1,Aug,214,82,KDSP-799,Kaiugnak Bay,Kaiugnak Bay,57.0572,-153.703,85,567.51,132
2020,1,Aug,214,85,KDSP-800,Kaiugnak Bay,Kaiugnak Bay,57.0572,-153.703,75,551.52,129
2020,1,Aug,214,96,KDSP-801,Kaiugnak Bay,Kaiugnak Bay,57.0572,-153.703,75,515.46,118
2020,1,Aug,214,104,KDSP-803,Kaiugnak Bay,Kaiugnak Bay,57.0572,-153.703,75,486.47,110
2020,1,Aug,214,119,KDSP-804,Kaiugnak Bay,Kaiugnak Bay,57.0572,-153.703,52,372.82,95
2020,1,Aug,214,90,KDSP-805,Kaiugnak Bay,Kaiugnak Bay,57.0572,-153.703,79,507.77,124
2020,1,Aug,214,72,KDSP-806,Kaiugnak Bay,Kaiugnak Bay,57.0572,-153.703,86,640.01,142
2020,1,Aug,214,70,KDSP-807,Kaiugnak Bay,Kaiugnak Bay,57.0572,-153.703,81,608.1,144
2020,1,Aug,214,70,KDSP-808,Kaiugnak Bay,Kaiugnak Bay,57.0572,-153.703,81,590.88,144
2020,1,Aug,214,102,KDSP-809,Kaiugnak Bay,Kaiugnak Bay,57.0572,-153.703,72,469.12,112
2020,1,Aug,214,86,KDSP-810,Kaiugnak Bay,Kaiugnak Bay,57.0572,-153.703,71,547.37,128
2020,1,Aug,214,95,KDSP-811,Kaiugnak Bay,Kaiugnak Bay,57.0572,-153.703,65,493.03,119
2021,4,Aug,216,96,KDSP-1099,Kaiugnak Bay,Kaiugnak Bay,57.0573,-153.6351,78,547.66,120
2021,4,Aug,216,107,KDSP-1100,Kaiugnak Bay,Kaiugnak Bay,57.0573,-153.6351,77,447.23,109
2021,4,Aug,216,113,KDSP-1101,Kaiugnak Bay,Kaiugnak Bay,57.0573,-153.6351,59,399.06,103
2021,4,Aug,216,77,KDSP-1103,Kaiugnak Bay,Kaiugnak Bay,57.0535,-153.6533,89,593.63,139
2021,4,Aug,216,111,KDSP-1105,Kaiugnak Bay,Kaiugnak Bay,57.0535,-153.6533,75,443.86,105
2021,4,Aug,216,117,KDSP-1106,Kaiugnak Bay,Kaiugnak Bay,57.0535,-153.6533,58,393.2,99
2021,4,Aug,216,82,KDSP-1107,Kaiugnak Bay,Kaiugnak Bay,57.0535,-153.6533,82,561.46,134
2021,4,Aug,216,135,KDSP-1108,Kaiugnak Bay,Kaiugnak Bay,57.0535,-153.6533,55,355.65,81
2021,4,Aug,216,120,KDSP-1109,Kaiugnak Bay,Kaiugnak Bay,57.0535,-153.6533,62,403.61,96
2021,4,Aug,216,97,KDSP-1111,Kaiugnak Bay,Kaiugnak Bay,57.0535,-153.6533,70,513.57,119
2021,4,Aug,216,129,KDSP-1112,Kaiugnak Bay,Kaiugnak Bay,57.0535,-153.6533,57,378.55,87
2021,4,Aug,216,118,KDSP-1114,Kaiugnak Bay,Kaiugnak Bay,57.0535,-153.6533,67,417.37,98
2021,4,Aug,216,102,KDSP-1115,Kaiugnak Bay,Kaiugnak Bay,57.0535,-153.6533,71,467.84,114
2021,4,Aug,216,120,KDSP-1116,Kaiugnak Bay,Kaiugnak Bay,57.0535,-153.6533,60,399.43,96
2021,4,Aug,216,104,KDSP-1117,Kaiugnak Bay,Kaiugnak Bay,57.0535,-153.6533,61,432.67,112
2021,4,Aug,216,118,KDSP-1118,Kaiugnak Bay,Kaiugnak Bay,57.0535,-153.6533,61,393.8,98
2021,4,Aug,216,98,KDSP-1119,Kaiugnak Bay,Kaiugnak Bay,57.0535,-153.6533,67,512.3,118
2021,4,Aug,216,87,KDSP-1120,Kaiugnak Bay,Kaiugnak Bay,57.0535,-153.6533,71,521.1,129
2021,4,Aug,216,88,KDSP-1123,Kaiugnak Bay,Kaiugnak Bay,57.0535,-153.6533,79,552.17,128
2022,29,July,210,94,KDSP-1683.2,Kaiugnak Bay,Kaiugnak Bay,57.0536,-153.6529,85,478.61,116
2022,29,July,210,80,KDSP-1685.2,Kaiugnak Bay,Kaiugnak Bay,57.0536,-153.6529,83,558.15,130
2022,29,July,210,104,KDSP-1686.2,Kaiugnak Bay,Kaiugnak Bay,57.0536,-153.6529,71,413.56,106
2022,29,July,210,99,KDSP-1687.2,Kaiugnak Bay,Kaiugnak Bay,57.0536,-153.6529,76,446.03,111
2022,29,July,210,83,KDSP-1688.2,Kaiugnak Bay,Kaiugnak Bay,57.0536,-153.6529,76,509.05,127
2022,29,July,210,86,KDSP-1690.2,Kaiugnak Bay,Kaiugnak Bay,57.0536,-153.6529,76,481.22,124
2022,29,July,210,78,KDSP-1691.2,Kaiugnak Bay,Kaiugnak Bay,57.0536,-153.6529,74,543.87,132
2022,29,July,210,91,KDSP-1692.2,Kaiugnak Bay,Kaiugnak Bay,57.0536,-153.6529,75,475.41,119
2022,29,July,210,87,KDSP-1693.2,Kaiugnak Bay,Kaiugnak Bay,57.0536,-153.6529,76,490.92,123
2022,29,July,210,93,KDSP-1695.2,Kaiugnak Bay,Kaiugnak Bay,57.0536,-153.6529,72,481.47,117
2022,29,July,210,97,KDSP-1697.2,Kaiugnak Bay,Kaiugnak Bay,57.0536,-153.6529,74,496.84,113
2022,29,July,210,78,KDSP-1706.2,Kaiugnak Bay,Kaiugnak Bay,57.0536,-153.6529,73,557.26,132
2022,29,July,210,107,KDSP-1707.2,Kaiugnak Bay,Kaiugnak Bay,57.0536,-153.6529,70,426.34,103
2022,29,July,210,109,KDSP-1708.2,Kaiugnak Bay,Kaiugnak Bay,57.0536,-153.6529,59,412.76,101
2022,29,July,210,116,KDSP-1709.2,Kaiugnak Bay,Kaiugnak Bay,57.0536,-153.6529,52,322.83,94
2022,29,July,210,123,KDSP-1711.2,Kaiugnak Bay,Kaiugnak Bay,57.0536,-153.6529,56,334.06,87
2022,29,July,210,121,KDSP-1713.2,Kaiugnak Bay,Kaiugnak Bay,57.0536,-153.6529,55,323.5,89
2022,29,July,210,113,KDSP-1714.2,Kaiugnak Bay,Kaiugnak Bay,57.0536,-153.6529,54,383.18,97
2022,29,July,210,120,KDSP-1715.2,Kaiugnak Bay,Kaiugnak Bay,57.0536,-153.6529,59,362.22,90
2022,29,July,210,101,KDSP-1716.2,Kaiugnak Bay,Kaiugnak Bay,57.0536,-153.6529,57,447.04,109
2022,29,July,210,108,KDSP-1717.2,Kaiugnak Bay,Kaiugnak Bay,57.0536,-153.6529,57,386.84,102
2022,29,July,210,118,KDSP-1723.2,Kaiugnak Bay,Kaiugnak Bay,57.0536,-153.6529,50,345.55,92
2022,29,July,210,110,KDSP-1726.2,Kaiugnak Bay,Kaiugnak Bay,57.0536,-153.6529,53,374.09,100
2023,3,July,184,102,KDSP-1823.2,Kaiugnak Bay,Kaiugnak Bay,57.0558,-153.6505,39,246.42,82
2023,3,July,184,103,KDSP-1824.2,Kaiugnak Bay,Kaiugnak Bay,57.0558,-153.6505,45,286.38,81
2023,3,July,184,99,KDSP-1825.2,Kaiugnak Bay,Kaiugnak Bay,57.0558,-153.6505,50,257.24,85
2023,3,July,184,113,KDSP-1826.2,Kaiugnak Bay,Kaiugnak Bay,57.0558,-153.6505,42,231.91,71
2023,3,July,184,119,KDSP-1827.2,Kaiugnak Bay,Kaiugnak Bay,57.0558,-153.6505,32,185.62,65
2023,3,July,184,100,KDSP-1828.2,Kaiugnak Bay,Kaiugnak Bay,57.0558,-153.6505,42,264.74,84
2023,3,July,184,96,KDSP-1829.2,Kaiugnak Bay,Kaiugnak Bay,57.0558,-153.6505,41,262.36,88
2023,3,July,184,104,KDSP-1830.2,Kaiugnak Bay,Kaiugnak Bay,57.0536,-153.6529,43,251.54,80
2023,3,July,184,99,KDSP-1831.2,Kaiugnak Bay,Kaiugnak Bay,57.0536,-153.6529,45,271.62,85
2023,3,July,184,108,KDSP-1832.2,Kaiugnak Bay,Kaiugnak Bay,57.0607,-153.7889,41,258.92,76
2023,3,July,184,108,KDSP-1833.2,Kaiugnak Bay,Kaiugnak Bay,57.0607,-153.7889,40,231.3,76
2023,3,July,184,99,KDSP-1834.2,Kaiugnak Bay,Kaiugnak Bay,57.0607,-153.7889,45,291.47,85
2023,3,July,184,97,KDSP-1835.2,Kaiugnak Bay,Kaiugnak Bay,57.0607,-153.7889,46,276.08,87
2023,3,July,184,115,KDSP-1836.2,Kaiugnak Bay,Kaiugnak Bay,57.0607,-153.7889,44,211.26,69
2023,3,July,184,94,KDSP-1837.2,Kaiugnak Bay,Kaiugnak Bay,57.0607,-153.7889,49,279.34,90
2023,3,July,184,105,KDSP-1838.2,Kaiugnak Bay,Kaiugnak Bay,57.0607,-153.7889,44,267.47,79
2023,3,July,184,97,KDSP-1839.2,Kaiugnak Bay,Kaiugnak Bay,57.0607,-153.7889,45,264.78,87
2023,3,July,184,115,KDSP-1840.2,Kaiugnak Bay,Kaiugnak Bay,57.0607,-153.7889,32,202.25,69
2023,3,July,184,94,KDSP-1841.2,Kaiugnak Bay,Kaiugnak Bay,57.0708,-153.6747,44,279.26,90
2023,3,July,184,105,KDSP-1842.2,Kaiugnak Bay,Kaiugnak Bay,57.0708,-153.6747,40,237.44,79
2023,3,July,184,88,KDSP-1843.2,Kaiugnak Bay,Kaiugnak Bay,57.0708,-153.6747,50,331.78,96
2023,3,July,184,93,KDSP-1844.2,Kaiugnak Bay,Kaiugnak Bay,57.0708,-153.6747,46,329.36,91
2023,3,July,184,78,KDSP-1845.2,Kaiugnak Bay,Kaiugnak Bay,57.0708,-153.6747,51,338.73,106
2023,3,July,184,101,KDSP-1846.2,Kaiugnak Bay,Kaiugnak Bay,57.0708,-153.6747,41,256.33,83
2023,3,July,184,112,KDSP-1847.2,Kaiugnak Bay,Kaiugnak Bay,57.0572,-153.6348,39,252.59,72
2018,9,July,190,71,KDSP-493,Kaiugnak Bay,Kaiugnak Bay,57.057,-153.7047,71,497.97,119
2018,9,July,190,100,KDSP-495,Kaiugnak Bay,Kaiugnak Bay,57.057,-153.7047,53,332.81,90
2018,9,July,190,107,KDSP-515,Kaiugnak Bay,Kaiugnak Bay,57.0708,-153.6749,52,317.13,83
2018,9,July,190,107,KDSP-516,Kaiugnak Bay,Kaiugnak Bay,57.0708,-153.6749,53,337.18,83
2018,26,July,207,90,KDSP-170,Sand Point,Shumagin Islands,55.3204,-160.5207,65,471.02,117
2018,26,July,207,93,KDSP-187,Sand Point,Shumagin Islands,55.2535,-160.5241,69,443.51,114
2018,26,July,207,95,KDSP-189,Sand Point,Shumagin Islands,55.2535,-160.5241,60,415.41,112
2018,26,July,207,98,KDSP-190,Sand Point,Shumagin Islands,55.2535,-160.5241,55,439.15,109
2018,26,July,207,110,KDSP-191,Sand Point,Shumagin Islands,55.2535,-160.5241,54,372.72,97
2018,26,July,207,108,KDSP-192,Sand Point,Shumagin Islands,55.2535,-160.5241,50,352.38,99
2018,26,July,207,108,KDSP-193,Sand Point,Shumagin Islands,55.2535,-160.5241,50,376.39,99
2018,26,July,207,112,KDSP-195,Sand Point,Shumagin Islands,55.2535,-160.5241,53,362.33,95
2018,26,July,207,65,KDSP-205,Sand Point,Shumagin Islands,55.3204,-160.5207,85,565.31,142
2018,26,July,207,86,KDSP-206,Sand Point,Shumagin Islands,55.3204,-160.5207,65,452.08,121
2018,26,July,207,105,KDSP-207,Sand Point,Shumagin Islands,55.3204,-160.5207,62,421.25,102
2018,26,July,207,90,KDSP-45,Sand Point,Shumagin Islands,55.3204,-160.5207,69,449.03,117
2018,26,July,207,96,KDSP-47,Sand Point,Shumagin Islands,55.3204,-160.5207,60,438.23,111
2018,26,July,207,98,KDSP-48,Sand Point,Shumagin Islands,55.3204,-160.5207,59,394.71,109
2018,26,July,207,108,KDSP-49,Sand Point,Shumagin Islands,55.3204,-160.5207,61,375.26,99
2018,26,July,207,80,KDSP-50,Sand Point,Shumagin Islands,55.2535,-160.5241,78,519.47,127
2018,26,July,207,109,KDSP-52,Sand Point,Shumagin Islands,55.2535,-160.5241,62,357.96,98
2018,26,July,207,120,KDSP-54,Sand Point,Shumagin Islands,55.2535,-160.5241,45,327.52,87
2019,21,July,202,93,KDSP-550,Sand Point,Shumagin Islands,55.3201,-160.5241,63,434.67,109
2019,21,July,202,100,KDSP-551,Sand Point,Shumagin Islands,55.3201,-160.5241,62,386.18,102
2019,21,July,202,90,KDSP-552,Sand Point,Shumagin Islands,55.3201,-160.5241,63,425.24,112
2019,21,July,202,107,KDSP-554,Sand Point,Shumagin Islands,55.3204,-160.5202,53,324.94,95
2019,21,July,202,117,KDSP-556,Sand Point,Shumagin Islands,55.3201,-160.5241,47,307.55,85
2019,21,July,202,110,KDSP-557,Sand Point,Shumagin Islands,55.3201,-160.5241,53,351.19,92
2020,20,July,202,124,KDSP-887,Sand Point,Shumagin Islands,55.3202,-160.5241,43,273.48,78
2020,20,July,202,107,KDSP-888,Sand Point,Shumagin Islands,55.3202,-160.5241,59,358.45,95
2020,20,July,202,113,KDSP-889,Sand Point,Shumagin Islands,55.3202,-160.5241,52,329.73,89
2020,20,July,202,109,KDSP-890,Sand Point,Shumagin Islands,55.3202,-160.5241,56,382.26,93
2020,20,July,202,124,KDSP-891,Sand Point,Shumagin Islands,55.3202,-160.5241,51,296.45,78
2020,20,July,202,116,KDSP-892,Sand Point,Shumagin Islands,55.3202,-160.5241,49,331.76,92
2020,20,July,202,115,KDSP-893,Sand Point,Shumagin Islands,55.3202,-160.5241,45,327.49,87
2020,20,July,202,113,KDSP-894,Sand Point,Shumagin Islands,55.3202,-160.5241,50,337.13,89
2020,20,July,202,127,KDSP-895,Sand Point,Shumagin Islands,55.3202,-160.5241,43,287.19,75
2020,20,July,202,117,KDSP-896,Sand Point,Shumagin Islands,55.3202,-160.5241,45,325.16,85
2020,20,July,202,130,KDSP-897,Sand Point,Shumagin Islands,55.3202,-160.5241,40,266.57,72
2020,20,July,202,104,KDSP-898,Sand Point,Shumagin Islands,55.3204,-160.5204,53,404.26,98
2020,20,July,202,122,KDSP-899,Sand Point,Shumagin Islands,55.3204,-160.5204,50,307.55,80
2020,20,July,202,118,KDSP-902,Sand Point,Shumagin Islands,55.3204,-160.5204,53,356.61,84
2020,20,July,202,126,KDSP-904,Sand Point,Shumagin Islands,55.3204,-160.5204,45,318.55,76
2020,20,July,202,100,KDSP-906,Sand Point,Shumagin Islands,55.3204,-160.5204,61,411.23,102
2020,20,July,202,110,KDSP-907,Sand Point,Shumagin Islands,55.3204,-160.5204,54,331.64,92
2020,20,July,202,106,KDSP-908,Sand Point,Shumagin Islands,55.3204,-160.5204,54,394.73,96
2020,20,July,202,126,KDSP-909,Sand Point,Shumagin Islands,55.3204,-160.5204,49,298.54,76
2020,20,July,202,124,KDSP-910,Sand Point,Shumagin Islands,55.3204,-160.5204,39,261.72,78
2020,20,July,202,98,KDSP-911,Sand Point,Shumagin Islands,55.3204,-160.5204,63,422.17,104
2021,21,July,202,111,KDSP-1178,Sand Point,Shumagin Islands,55.3204,-160.5202,54,344.71,91
2021,21,July,202,132,KDSP-1179,Sand Point,Shumagin Islands,55.3204,-160.5202,41,262.31,70
2021,21,July,202,119,KDSP-1180,Sand Point,Shumagin Islands,55.3204,-160.5202,47,311.34,83
2021,21,July,202,119,KDSP-1182,Sand Point,Shumagin Islands,55.3204,-160.5202,50,305.57,83
2021,21,July,202,134,KDSP-1183,Sand Point,Shumagin Islands,55.3204,-160.5202,47,260.78,68
2021,21,July,202,141,KDSP-1184,Sand Point,Shumagin Islands,55.3204,-160.5202,36,211.88,61
2021,21,July,202,133,KDSP-1185,Sand Point,Shumagin Islands,55.3204,-160.5202,38,237.3,69
2021,21,July,202,124,KDSP-1186,Sand Point,Shumagin Islands,55.3204,-160.5202,43,284.77,78
2021,21,July,202,132,KDSP-1187,Sand Point,Shumagin Islands,55.3204,-160.5202,42,262.21,70
2021,21,July,202,135,KDSP-1188,Sand Point,Shumagin Islands,55.3204,-160.5202,39,236.85,67
2021,21,July,202,123,KDSP-1189,Sand Point,Shumagin Islands,55.3204,-160.5202,45,295.47,79
