year,ID,TL_mm,doc,final.age,bay
2007,745,53,202,118,Anton Larsen Bay
2007,746,50,202,99,Anton Larsen Bay
2007,747,52,202,98,Anton Larsen Bay
2007,748,48,202,109,Anton Larsen Bay
2007,750,51,202,98,Anton Larsen Bay
2007,751,43,202,88,Anton Larsen Bay
2007,752,52,202,111,Anton Larsen Bay
2007,753,47,202,100,Anton Larsen Bay
2007,756,47,202,106,Anton Larsen Bay
2007,757,50,202,96,Anton Larsen Bay
2007,758,48,202,104,Anton Larsen Bay
2007,759,45,202,82,Anton Larsen Bay
2007,760,44,202,88,Anton Larsen Bay
2007,761,48,202,96,Anton Larsen Bay
2007,762,44,202,93,Anton Larsen Bay
2007,763,43,202,88,Anton Larsen Bay
2007,764,43,202,91,Anton Larsen Bay
2007,765,44,202,82,Anton Larsen Bay
2007,766,51,202,111,Anton Larsen Bay
2007,767,43,202,96,Anton Larsen Bay
2007,768,49,202,97,Anton Larsen Bay
2007,769,49,202,108,Anton Larsen Bay
2007,770,45,202,101,Anton Larsen Bay
2007,771,52,202,108,Anton Larsen Bay
2007,772,48,202,99,Anton Larsen Bay
2007,773,48,202,94,Anton Larsen Bay
2007,774,44,202,94,Anton Larsen Bay
2007,775,47,202,101,Anton Larsen Bay
2007,749,49,202,101,Anton Larsen Bay
2007,754,49,202,101,Anton Larsen Bay
2007,755,49,202,101,Anton Larsen Bay
2009,54,47,187,95,Cook Bay
2009,55,45,187,92,Cook Bay
2009,56,43,187,89,Cook Bay
2009,57,49,187,94,Cook Bay
2009,58,47,187,107,Cook Bay
2009,59,45,187,102,Cook Bay
2009,60,47,187,94,Cook Bay
2009,61,40,187,82,Cook Bay
2009,62,45,208,95,Cook Bay
2009,63,43,187,84,Cook Bay
2009,64,43,187,85,Cook Bay
2009,65,49,187,90,Cook Bay
2009,66,42,187,92,Cook Bay
2009,67,45,187,88,Cook Bay
2009,68,44,187,91,Cook Bay
2009,69,36,187,89,Cook Bay
2009,70,44,187,84,Cook Bay
2009,71,44,187,91,Cook Bay
2009,72,42,187,88,Cook Bay
2009,73,43,187,93,Cook Bay
2009,74,35,187,80,Cook Bay
2009,75,49,187,97,Cook Bay
2009,76,42,187,95,Cook Bay
2009,77,44,202,95,Cook Bay
2009,208,31,200,73,Cook Bay
2009,209,42,200,88,Cook Bay
2009,210,47,200,94,Cook Bay
2009,211,35,200,78,Cook Bay
2009,212,38,200,82,Cook Bay
2009,213,43,200,89,Cook Bay
2009,214,48,200,95,Cook Bay
2009,215,44,200,91,Cook Bay
2009,216,43,200,89,Cook Bay
2009,217,38,200,82,Cook Bay
2009,218,42,201,88,Cook Bay
2009,219,48,201,95,Cook Bay
2009,220,36,201,79,Cook Bay
2009,221,36,201,79,Cook Bay
2009,222,39,201,84,Cook Bay
2009,223,42,198,88,Cook Bay
2009,224,42,198,88,Cook Bay
2009,225,35,198,78,Cook Bay
2009,226,38,198,82,Cook Bay
2009,227,42,198,88,Cook Bay
2009,228,40,198,85,Cook Bay
2009,229,38,198,82,Cook Bay
2009,230,35,198,78,Cook Bay
2009,231,33,198,75,Cook Bay
2009,232,39,198,84,Cook Bay
2009,233,37,198,81,Cook Bay
2009,234,47,198,94,Cook Bay
2009,235,42,198,88,Cook Bay
2009,236,37,195,80,Anton Larsen Bay
2009,237,36,195,76,Anton Larsen Bay
2009,238,34,195,78,Anton Larsen Bay
2009,239,43,195,88,Anton Larsen Bay
2009,240,51,195,113,Anton Larsen Bay
2009,241,44,195,91,Anton Larsen Bay
2009,242,44,195,82,Anton Larsen Bay
2009,243,43,195,81,Anton Larsen Bay
2009,244,45,195,85,Anton Larsen Bay
2009,245,43,195,87,Anton Larsen Bay
2009,246,48,195,93,Anton Larsen Bay
2009,247,42,195,87,Anton Larsen Bay
2009,248,42,195,82,Anton Larsen Bay
2009,249,39,195,84,Anton Larsen Bay
2009,250,39,195,85,Anton Larsen Bay
2010,831,52,201,117,Cook Bay
2010,832,52,201,91,Cook Bay
2010,833,51,201,113,Cook Bay
2010,838,52,201,84,Cook Bay
2010,839,49,201,83,Cook Bay
2010,840,49,201,120,Cook Bay
2010,841,56,201,95,Cook Bay
2010,843,49,201,91,Cook Bay
2010,844,48,201,100,Cook Bay
2010,847,47,201,96,Cook Bay
2010,848,48,201,86,Cook Bay
2010,852,45,201,94,Cook Bay
2010,854,44,201,92,Cook Bay
2010,855,39,201,78,Cook Bay
2010,861,41,201,72,Cook Bay
2010,864,53,201,110,Cook Bay
2010,868,47,201,101,Cook Bay
2010,869,48,201,100,Cook Bay
2010,871,50,201,98,Cook Bay
2010,872,50,201,97,Cook Bay
2010,873,51,201,85,Cook Bay
2010,876,56,201,125,Cook Bay
2010,879,54,201,118,Cook Bay
2010,776,56,201,112,Cook Bay
2010,777,56,201,112,Cook Bay
2010,778,57,201,114,Cook Bay
2010,779,54,201,108,Cook Bay
2010,780,54,201,108,Cook Bay
2010,781,52,201,103,Cook Bay
2010,782,53,201,105,Cook Bay
2010,783,52,201,103,Cook Bay
2010,784,50,201,99,Cook Bay
2010,785,54,201,108,Cook Bay
2010,786,52,201,103,Cook Bay
2010,787,54,201,108,Cook Bay
2010,788,50,201,99,Cook Bay
2010,789,43,201,86,Cook Bay
2010,790,47,201,93,Cook Bay
2010,791,56,201,112,Cook Bay
2010,792,49,201,97,Cook Bay
2010,793,52,201,103,Cook Bay
2010,794,52,201,103,Cook Bay
2010,795,50,201,99,Cook Bay
2010,796,51,201,101,Cook Bay
2010,797,49,201,97,Cook Bay
2010,798,49,201,97,Cook Bay
2010,799,48,201,95,Cook Bay
2010,800,63,201,124,Cook Bay
2010,801,52,201,103,Cook Bay
2010,802,49,201,97,Cook Bay
2010,803,45,201,91,Cook Bay
2010,804,43,201,86,Cook Bay
2010,805,47,201,93,Cook Bay
2010,806,41,201,82,Cook Bay
2010,807,51,201,101,Cook Bay
2010,808,45,201,91,Cook Bay
2010,809,52,201,103,Cook Bay
2010,810,54,201,108,Cook Bay
2010,811,52,201,103,Cook Bay
2010,812,52,201,103,Cook Bay
2010,813,52,201,103,Cook Bay
2010,814,57,201,114,Cook Bay
2010,815,47,201,93,Cook Bay
2010,816,58,201,116,Cook Bay
2010,817,54,201,108,Cook Bay
2010,818,48,202,95,Cook Bay
2010,819,54,203,108,Cook Bay
2010,820,54,196,108,Cook Bay
2010,821,35,196,69,Cook Bay
2010,822,41,196,82,Cook Bay
2010,823,33,196,65,Cook Bay
2010,824,33,196,65,Cook Bay
2010,825,36,196,71,Cook Bay
2010,826,37,196,74,Cook Bay
2010,827,40,196,80,Cook Bay
2010,828,45,196,91,Cook Bay
2010,829,44,196,88,Cook Bay
2010,830,56,201,112,Cook Bay
2010,834,58,201,116,Cook Bay
2010,835,52,201,103,Cook Bay
2010,836,50,201,99,Cook Bay
2010,837,50,201,99,Cook Bay
2010,842,53,201,105,Cook Bay
2010,845,48,201,95,Cook Bay
2010,846,48,201,95,Cook Bay
2010,849,49,201,97,Cook Bay
2010,850,43,201,86,Cook Bay
2010,851,44,201,88,Cook Bay
2010,853,44,201,88,Cook Bay
2010,856,47,201,93,Cook Bay
2010,857,47,201,93,Cook Bay
2010,858,44,201,88,Cook Bay
2010,859,43,201,86,Cook Bay
2010,860,44,201,88,Cook Bay
2010,862,35,201,69,Cook Bay
2010,863,35,201,69,Cook Bay
2010,865,59,201,118,Cook Bay
2010,866,48,201,95,Cook Bay
2010,867,43,201,86,Cook Bay
2010,870,45,201,91,Cook Bay
2010,874,53,201,105,Cook Bay
2010,875,54,201,108,Cook Bay
2010,877,54,201,108,Cook Bay
2010,878,54,201,108,Cook Bay
2012,971,40,196,108,Anton Larsen Bay
2012,972,48,196,106,Anton Larsen Bay
2012,973,43,196,99,Anton Larsen Bay
2012,974,47,196,101,Anton Larsen Bay
2012,975,37,196,90,Anton Larsen Bay
2012,976,42,196,101,Anton Larsen Bay
2012,977,41,196,103,Anton Larsen Bay
2012,978,57,196,122,Anton Larsen Bay
2012,979,49,196,109,Anton Larsen Bay
2012,981,37,196,94,Anton Larsen Bay
2012,983,46,196,108,Anton Larsen Bay
2012,984,43,195,97,Anton Larsen Bay
2012,985,41,195,96,Anton Larsen Bay
2012,986,43,195,110,Anton Larsen Bay
2012,987,42,195,102,Anton Larsen Bay
2012,988,44,195,108,Anton Larsen Bay
2012,989,42,195,107,Anton Larsen Bay
2012,990,40,195,94,Anton Larsen Bay
2012,991,45,195,111,Anton Larsen Bay
2012,992,44,195,102,Anton Larsen Bay
2012,993,45,195,100,Anton Larsen Bay
2012,994,38,195,86,Anton Larsen Bay
2012,996,43,195,103,Anton Larsen Bay
2012,998,36,195,98,Anton Larsen Bay
2012,999,38,195,99,Anton Larsen Bay
2012,1001,53,195,112,Anton Larsen Bay
2012,1002,41,195,97,Anton Larsen Bay
2012,1003,45,195,104,Anton Larsen Bay
2012,1006,49,195,119,Anton Larsen Bay
2012,1007,40,195,101,Anton Larsen Bay
2012,1009,42,195,102,Anton Larsen Bay
2012,1010,45,195,110,Anton Larsen Bay
2012,1013,39,195,106,Anton Larsen Bay
2012,1000,44,195,104,Anton Larsen Bay
2012,1004,42,195,102,Anton Larsen Bay
2012,1005,37,195,96,Anton Larsen Bay
2012,1008,38,195,97,Anton Larsen Bay
2012,1011,47,195,108,Anton Larsen Bay
2012,1012,39,195,98,Anton Larsen Bay
2012,958,50,196,111,Anton Larsen Bay
2012,959,42,196,101,Anton Larsen Bay
2012,960,42,196,102,Anton Larsen Bay
2012,980,59,196,124,Anton Larsen Bay
2012,982,36,196,94,Anton Larsen Bay
2012,995,44,195,104,Anton Larsen Bay
2012,997,47,195,108,Anton Larsen Bay
2013,2046,45,204,91,Anton Larsen Bay
2013,2047,47,204,85,Anton Larsen Bay
2013,2048,50,204,94,Anton Larsen Bay
2013,2049,44,204,85,Anton Larsen Bay
2013,2055,50,204,95,Anton Larsen Bay
2013,2059,55,206,90,Cook Bay
2013,2060,55,206,93,Cook Bay
2013,2061,52,206,94,Cook Bay
2013,2064,52,206,100,Cook Bay
2013,2066,53,205,87,Cook Bay
2013,2068,66,206,113,Cook Bay
2013,2069,52,206,93,Cook Bay
2013,2070,53,206,108,Cook Bay
2013,2071,51,206,90,Cook Bay
2013,2073,61,206,126,Cook Bay
2013,2077,54,205,104,Anton Larsen Bay
2013,2079,59,205,108,Anton Larsen Bay
2013,2080,71,205,125,Anton Larsen Bay
2013,2083,57,205,100,Anton Larsen Bay
2013,2050,54,204,99,Anton Larsen Bay
2013,2051,52,204,96,Anton Larsen Bay
2013,2052,48,204,89,Anton Larsen Bay
2013,2053,54,204,99,Anton Larsen Bay
2013,2054,52,204,96,Anton Larsen Bay
2013,2056,44,206,84,Cook Bay
2013,2057,55,206,101,Cook Bay
2013,2058,58,206,106,Cook Bay
2013,2062,52,206,96,Cook Bay
2013,2063,58,206,106,Cook Bay
2013,2065,50,206,92,Cook Bay
2013,2067,54,206,99,Cook Bay
2013,2072,57,206,104,Cook Bay
2013,2074,55,206,101,Cook Bay
2013,2075,54,206,99,Cook Bay
2013,2076,48,205,89,Anton Larsen Bay
2013,2078,48,205,89,Anton Larsen Bay
2013,2081,56,205,102,Anton Larsen Bay
2013,2082,54,205,99,Anton Larsen Bay
2013,2084,58,205,106,Anton Larsen Bay
2013,2085,49,205,91,Anton Larsen Bay
2013,2086,52,205,96,Anton Larsen Bay
2014,2130,62,200,121,Cook Bay
2014,2138,59,197,123,Anton Larsen Bay
2014,2139,57,197,121,Anton Larsen Bay
2014,2140,59,197,118,Anton Larsen Bay
2014,2141,61,197,119,Anton Larsen Bay
2014,2143,50,197,113,Anton Larsen Bay
2014,2144,65,197,132,Anton Larsen Bay
2014,2147,59,197,118,Anton Larsen Bay
2014,2148,59,197,129,Anton Larsen Bay
2014,2150,52,197,96,Anton Larsen Bay
2014,2152,52,197,111,Anton Larsen Bay
2014,2154,56,197,125,Anton Larsen Bay
2014,2155,38,195,87,Anton Larsen Bay
2014,2156,52,195,120,Anton Larsen Bay
2014,2158,66,195,130,Anton Larsen Bay
2014,2159,63,197,119,Anton Larsen Bay
2014,2164,57,197,120,Anton Larsen Bay
2014,2165,54,197,112,Anton Larsen Bay
2014,2166,52,197,116,Anton Larsen Bay
2014,2167,42,197,100,Anton Larsen Bay
2014,2131,49,200,107,Cook Bay
2014,2132,65,197,129,Anton Larsen Bay
2014,2133,65,197,129,Anton Larsen Bay
2014,2134,61,197,123,Anton Larsen Bay
2014,2135,40,197,95,Anton Larsen Bay
2014,2137,47,197,104,Anton Larsen Bay
2014,2142,49,197,107,Anton Larsen Bay
2014,2145,59,197,122,Anton Larsen Bay
2014,2146,54,197,114,Anton Larsen Bay
2014,2149,54,197,114,Anton Larsen Bay
2014,2151,45,197,102,Anton Larsen Bay
2014,2153,59,197,122,Anton Larsen Bay
2014,2157,63,195,126,Anton Larsen Bay
2014,2160,49,197,107,Anton Larsen Bay
2014,2161,49,197,107,Anton Larsen Bay
2014,2162,54,197,114,Anton Larsen Bay
2014,2163,51,197,110,Anton Larsen Bay
2014,2168,43,197,99,Anton Larsen Bay
2015,2127,50,193,108,Cook Bay
2015,2128,54,197,98,Anton Larsen Bay
2015,2129,44,193,79,Cook Bay
2015,2307,52,195,97,Cook Bay
2015,2308,57,195,102,Cook Bay
2015,2309,51,195,106,Cook Bay
2015,2310,57,196,106,Cook Bay
2015,2311,50,196,99,Cook Bay
2015,2126,49,193,95,Cook Bay
2016,2232,76,197,115,Cook Bay
2016,2234,69,197,122,Cook Bay
2016,2235,65,197,105,Cook Bay
2016,2240,68,197,118,Cook Bay
2016,2244,70,197,132,Cook Bay
2016,2249,68,197,117,Cook Bay
2016,2250,67,197,108,Cook Bay
2016,2251,62,197,101,Cook Bay
2016,2252,81,197,137,Cook Bay
2016,2299,70,195,120,Anton Larsen Bay
2016,2301,56,195,110,Anton Larsen Bay
2016,2302,62,195,120,Anton Larsen Bay
2016,2335,73,199,132,Anton Larsen Bay
2016,2337,67,199,128,Anton Larsen Bay
2016,2338,66,199,127,Anton Larsen Bay
2016,2342,65,199,115,Anton Larsen Bay
2016,2344,67,199,138,Anton Larsen Bay
2016,2345,62,197,109,Cook Bay
2016,2347,72,197,104,Cook Bay
2016,2233,78,197,128,Cook Bay
2016,2236,76,197,126,Cook Bay
2016,2237,63,197,114,Cook Bay
2016,2238,67,197,118,Cook Bay
2016,2239,73,197,124,Cook Bay
2016,2241,73,197,124,Cook Bay
2016,2242,56,197,108,Cook Bay
2016,2243,76,197,126,Cook Bay
2016,2245,77,197,127,Cook Bay
2016,2246,86,197,137,Cook Bay
2016,2247,78,197,128,Cook Bay
2016,2248,79,197,129,Cook Bay
2016,2253,69,197,120,Cook Bay
2016,2254,68,197,119,Cook Bay
2016,2255,76,197,126,Cook Bay
2016,2297,75,195,125,Anton Larsen Bay
2016,2298,67,195,118,Anton Larsen Bay
2016,2300,62,195,113,Anton Larsen Bay
2016,2303,63,195,114,Anton Larsen Bay
2016,2304,58,195,110,Anton Larsen Bay
2016,2305,58,195,110,Anton Larsen Bay
2016,2306,54,195,106,Anton Larsen Bay
2016,2333,69,199,120,Anton Larsen Bay
2016,2334,65,199,116,Anton Larsen Bay
2016,2336,65,199,116,Anton Larsen Bay
2016,2339,67,199,118,Anton Larsen Bay
2016,2340,73,199,124,Anton Larsen Bay
2016,2341,76,199,126,Anton Larsen Bay
2016,2343,61,199,112,Anton Larsen Bay
2016,2346,70,197,121,Cook Bay
2017,2287,58,196,108,Cook Bay
2017,2288,72,196,117,Cook Bay
2017,2290,77,196,133,Cook Bay
2017,2291,69,196,109,Cook Bay
2017,2292,66,196,115,Cook Bay
2017,2294,63,196,123,Cook Bay
2017,2295,63,196,106,Cook Bay
2017,2296,62,196,115,Cook Bay
2017,2313,62,196,120,Cook Bay
2017,2314,59,196,119,Cook Bay
2017,2315,68,196,123,Cook Bay
2017,2317,92,196,143,Cook Bay
2017,2318,94,196,144,Cook Bay
2017,2319,65,196,108,Cook Bay
2017,2321,64,196,117,Cook Bay
2017,2322,70,196,126,Cook Bay
2017,2323,70,196,104,Cook Bay
2017,2324,43,196,99,Cook Bay
2017,2325,38,196,95,Cook Bay
2017,2326,69,196,106,Cook Bay
2017,2327,69,196,121,Cook Bay
2017,2330,51,196,89,Cook Bay
2017,2331,63,196,102,Cook Bay
2017,2332,67,196,103,Cook Bay
2017,2286,76,196,124,Cook Bay
2017,2289,76,196,124,Cook Bay
2017,2293,63,196,112,Cook Bay
2017,2312,62,196,111,Cook Bay
2017,2316,65,196,114,Cook Bay
2017,2320,69,196,118,Cook Bay
2017,2328,41,196,92,Cook Bay
2017,2329,49,196,99,Cook Bay
