avg.22.temp,doy,month.day,depth,HW,dummy_date
7.294024621,1,1-Jan,GAK1 50 to 115 m,Adjacent,1/1/2000
7.265685488,2,2-Jan,GAK1 50 to 115 m,Adjacent,1/2/2000
7.232698272,3,3-Jan,GAK1 50 to 115 m,Adjacent,1/3/2000
7.204887074,4,4-Jan,GAK1 50 to 115 m,Adjacent,1/4/2000
7.167571023,5,5-Jan,GAK1 50 to 115 m,Adjacent,1/5/2000
7.125899858,6,6-Jan,GAK1 50 to 115 m,Adjacent,1/6/2000
7.08408428,7,7-Jan,GAK1 50 to 115 m,Adjacent,1/7/2000
7.037855232,8,8-Jan,GAK1 50 to 115 m,Adjacent,1/8/2000
6.98925071,9,9-Jan,GAK1 50 to 115 m,Adjacent,1/9/2000
6.940289181,10,10-Jan,GAK1 50 to 115 m,Adjacent,1/10/2000
6.890734612,11,11-Jan,GAK1 50 to 115 m,Adjacent,1/11/2000
6.834940814,12,12-Jan,GAK1 50 to 115 m,Adjacent,1/12/2000
6.771987453,13,13-Jan,GAK1 50 to 115 m,Adjacent,1/13/2000
6.705027344,14,14-Jan,GAK1 50 to 115 m,Adjacent,1/14/2000
6.63707706,15,15-Jan,GAK1 50 to 115 m,Adjacent,1/15/2000
6.573629972,16,16-Jan,GAK1 50 to 115 m,Adjacent,1/16/2000
6.509663116,17,17-Jan,GAK1 50 to 115 m,Adjacent,1/17/2000
6.449157789,18,18-Jan,GAK1 50 to 115 m,Adjacent,1/18/2000
6.413783381,19,19-Jan,GAK1 50 to 115 m,Adjacent,1/19/2000
6.377786103,20,20-Jan,GAK1 50 to 115 m,Adjacent,1/20/2000
6.338358428,21,21-Jan,GAK1 50 to 115 m,Adjacent,1/21/2000
6.287058239,22,22-Jan,GAK1 50 to 115 m,Adjacent,1/22/2000
6.243330019,23,23-Jan,GAK1 50 to 115 m,Adjacent,1/23/2000
6.185798532,24,24-Jan,GAK1 50 to 115 m,Adjacent,1/24/2000
6.121545336,25,25-Jan,GAK1 50 to 115 m,Adjacent,1/25/2000
6.048699811,26,26-Jan,GAK1 50 to 115 m,Adjacent,1/26/2000
5.969100971,27,27-Jan,GAK1 50 to 115 m,Adjacent,1/27/2000
5.903714134,28,28-Jan,GAK1 50 to 115 m,Adjacent,1/28/2000
5.841549479,29,29-Jan,GAK1 50 to 115 m,Adjacent,1/29/2000
5.78978196,30,30-Jan,GAK1 50 to 115 m,Adjacent,1/30/2000
5.742131392,31,31-Jan,GAK1 50 to 115 m,Adjacent,1/31/2000
8.866163116,335,1-Dec,GAK1 50 to 115 m,Adjacent,11/30/2000
8.841649148,336,2-Dec,GAK1 50 to 115 m,Adjacent,12/1/2000
8.814258759,337,3-Dec,GAK1 50 to 115 m,Adjacent,12/2/2000
8.790665601,338,4-Dec,GAK1 50 to 115 m,Adjacent,12/3/2000
8.754596354,339,5-Dec,GAK1 50 to 115 m,Adjacent,12/4/2000
8.711577888,340,6-Dec,GAK1 50 to 115 m,Adjacent,12/5/2000
8.681465436,341,7-Dec,GAK1 50 to 115 m,Adjacent,12/6/2000
8.646968513,342,8-Dec,GAK1 50 to 115 m,Adjacent,12/7/2000
8.595088778,343,9-Dec,GAK1 50 to 115 m,Adjacent,12/8/2000
8.543602983,344,10-Dec,GAK1 50 to 115 m,Adjacent,12/9/2000
8.487096828,345,11-Dec,GAK1 50 to 115 m,Adjacent,12/10/2000
8.428873224,346,12-Dec,GAK1 50 to 115 m,Adjacent,12/11/2000
8.373263139,347,13-Dec,GAK1 50 to 115 m,Adjacent,12/12/2000
8.323468513,348,14-Dec,GAK1 50 to 115 m,Adjacent,12/13/2000
8.276453243,349,15-Dec,GAK1 50 to 115 m,Adjacent,12/14/2000
8.24530232,350,16-Dec,GAK1 50 to 115 m,Adjacent,12/15/2000
8.204082505,351,17-Dec,GAK1 50 to 115 m,Adjacent,12/16/2000
8.176405895,352,18-Dec,GAK1 50 to 115 m,Adjacent,12/17/2000
8.127605232,353,19-Dec,GAK1 50 to 115 m,Adjacent,12/18/2000
8.076649976,354,20-Dec,GAK1 50 to 115 m,Adjacent,12/19/2000
8.032191051,355,21-Dec,GAK1 50 to 115 m,Adjacent,12/20/2000
7.986417732,356,22-Dec,GAK1 50 to 115 m,Adjacent,12/21/2000
7.93168241,357,23-Dec,GAK1 50 to 115 m,Adjacent,12/22/2000
7.876816525,358,24-Dec,GAK1 50 to 115 m,Adjacent,12/23/2000
7.811033736,359,25-Dec,GAK1 50 to 115 m,Adjacent,12/24/2000
7.756247514,360,26-Dec,GAK1 50 to 115 m,Adjacent,12/25/2000
7.715538707,361,27-Dec,GAK1 50 to 115 m,Adjacent,12/26/2000
7.67568383,362,28-Dec,GAK1 50 to 115 m,Adjacent,12/27/2000
7.632671993,363,29-Dec,GAK1 50 to 115 m,Adjacent,12/28/2000
7.593987453,364,30-Dec,GAK1 50 to 115 m,Adjacent,12/29/2000
7.575540838,365,31-Dec,GAK1 50 to 115 m,Adjacent,12/30/2000
5.653790009,32,1-Feb,GAK1 50 to 115 m,Adjacent,2/1/2000
5.593706913,33,2-Feb,GAK1 50 to 115 m,Adjacent,2/2/2000
5.525159801,34,3-Feb,GAK1 50 to 115 m,Adjacent,2/3/2000
5.459935843,35,4-Feb,GAK1 50 to 115 m,Adjacent,2/4/2000
5.41407706,36,5-Feb,GAK1 50 to 115 m,Adjacent,2/5/2000
5.370336411,37,6-Feb,GAK1 50 to 115 m,Adjacent,2/6/2000
5.340104877,38,7-Feb,GAK1 50 to 115 m,Adjacent,2/7/2000
5.306177557,39,8-Feb,GAK1 50 to 115 m,Adjacent,2/8/2000
5.257322136,40,9-Feb,GAK1 50 to 115 m,Adjacent,2/9/2000
5.218354915,41,10-Feb,GAK1 50 to 115 m,Adjacent,2/10/2000
5.184568247,42,11-Feb,GAK1 50 to 115 m,Adjacent,2/11/2000
5.155755747,43,12-Feb,GAK1 50 to 115 m,Adjacent,2/12/2000
5.118306291,44,13-Feb,GAK1 50 to 115 m,Adjacent,2/13/2000
5.094235742,45,14-Feb,GAK1 50 to 115 m,Adjacent,2/14/2000
5.081423124,46,15-Feb,GAK1 50 to 115 m,Adjacent,2/15/2000
5.075530131,47,16-Feb,GAK1 50 to 115 m,Adjacent,2/16/2000
5.07496266,48,17-Feb,GAK1 50 to 115 m,Adjacent,2/17/2000
5.076471301,49,18-Feb,GAK1 50 to 115 m,Adjacent,2/18/2000
5.070111807,50,19-Feb,GAK1 50 to 115 m,Adjacent,2/19/2000
5.060238228,51,20-Feb,GAK1 50 to 115 m,Adjacent,2/20/2000
5.047902409,52,21-Feb,GAK1 50 to 115 m,Adjacent,2/21/2000
5.039709464,53,22-Feb,GAK1 50 to 115 m,Adjacent,2/22/2000
5.038042442,54,23-Feb,GAK1 50 to 115 m,Adjacent,2/23/2000
5.035774331,55,24-Feb,GAK1 50 to 115 m,Adjacent,2/24/2000
5.041324639,56,25-Feb,GAK1 50 to 115 m,Adjacent,2/25/2000
5.043090974,57,26-Feb,GAK1 50 to 115 m,Adjacent,2/26/2000
5.04222497,58,27-Feb,GAK1 50 to 115 m,Adjacent,2/27/2000
5.04337471,59,28-Feb,GAK1 50 to 115 m,Adjacent,2/28/2000
5.033820076,60,1-Mar,GAK1 50 to 115 m,Adjacent,2/29/2000
5.015968816,61,2-Mar,GAK1 50 to 115 m,Adjacent,3/1/2000
5.000652513,62,3-Mar,GAK1 50 to 115 m,Adjacent,3/2/2000
4.987568341,63,4-Mar,GAK1 50 to 115 m,Adjacent,3/3/2000
4.964046027,64,5-Mar,GAK1 50 to 115 m,Adjacent,3/4/2000
4.939536579,65,6-Mar,GAK1 50 to 115 m,Adjacent,3/5/2000
4.926000969,66,7-Mar,GAK1 50 to 115 m,Adjacent,3/6/2000
4.917673086,67,8-Mar,GAK1 50 to 115 m,Adjacent,3/7/2000
4.906789486,68,9-Mar,GAK1 50 to 115 m,Adjacent,3/8/2000
4.885635901,69,10-Mar,GAK1 50 to 115 m,Adjacent,3/9/2000
4.85912718,70,11-Mar,GAK1 50 to 115 m,Adjacent,3/10/2000
4.824717297,71,12-Mar,GAK1 50 to 115 m,Adjacent,3/11/2000
4.790372578,72,13-Mar,GAK1 50 to 115 m,Adjacent,3/12/2000
4.757323038,73,14-Mar,GAK1 50 to 115 m,Adjacent,3/13/2000
4.73479954,74,15-Mar,GAK1 50 to 115 m,Adjacent,3/14/2000
4.711490795,75,16-Mar,GAK1 50 to 115 m,Adjacent,3/15/2000
4.690830305,76,17-Mar,GAK1 50 to 115 m,Adjacent,3/16/2000
4.688563469,77,18-Mar,GAK1 50 to 115 m,Adjacent,3/17/2000
4.681461604,78,19-Mar,GAK1 50 to 115 m,Adjacent,3/18/2000
4.676446221,79,20-Mar,GAK1 50 to 115 m,Adjacent,3/19/2000
4.672447311,80,21-Mar,GAK1 50 to 115 m,Adjacent,3/20/2000
4.658535853,81,22-Mar,GAK1 50 to 115 m,Adjacent,3/21/2000
4.645402462,82,23-Mar,GAK1 50 to 115 m,Adjacent,3/22/2000
4.628735914,83,24-Mar,GAK1 50 to 115 m,Adjacent,3/23/2000
4.616999763,84,25-Mar,GAK1 50 to 115 m,Adjacent,3/24/2000
4.602216738,85,26-Mar,GAK1 50 to 115 m,Adjacent,3/25/2000
4.595718277,86,27-Mar,GAK1 50 to 115 m,Adjacent,3/26/2000
4.590118371,87,28-Mar,GAK1 50 to 115 m,Adjacent,3/27/2000
4.578067708,88,29-Mar,GAK1 50 to 115 m,Adjacent,3/28/2000
4.569920455,89,30-Mar,GAK1 50 to 115 m,Adjacent,3/29/2000
4.558316998,90,31-Mar,GAK1 50 to 115 m,Adjacent,3/30/2000
4.555066761,91,1-Apr,GAK1 50 to 115 m,Adjacent,3/31/2000
4.560467566,92,2-Apr,GAK1 50 to 115 m,Adjacent,4/1/2000
4.573852983,93,3-Apr,GAK1 50 to 115 m,Adjacent,4/2/2000
4.588464725,94,4-Apr,GAK1 50 to 115 m,Adjacent,4/3/2000
4.60250142,95,5-Apr,GAK1 50 to 115 m,Adjacent,4/4/2000
4.610653883,96,6-Apr,GAK1 50 to 115 m,Adjacent,4/5/2000
4.616734257,97,7-Apr,GAK1 50 to 115 m,Adjacent,4/6/2000
4.619913116,98,8-Apr,GAK1 50 to 115 m,Adjacent,4/7/2000
4.608655303,99,9-Apr,GAK1 50 to 115 m,Adjacent,4/8/2000
4.599393569,100,10-Apr,GAK1 50 to 115 m,Adjacent,4/9/2000
4.590395932,101,11-Apr,GAK1 50 to 115 m,Adjacent,4/10/2000
4.579621311,102,12-Apr,GAK1 50 to 115 m,Adjacent,4/11/2000
4.57672524,103,13-Apr,GAK1 50 to 115 m,Adjacent,4/12/2000
4.583338403,104,14-Apr,GAK1 50 to 115 m,Adjacent,4/13/2000
4.596178365,105,15-Apr,GAK1 50 to 115 m,Adjacent,4/14/2000
4.608846216,106,16-Apr,GAK1 50 to 115 m,Adjacent,4/15/2000
4.619551708,107,17-Apr,GAK1 50 to 115 m,Adjacent,4/16/2000
4.629319109,108,18-Apr,GAK1 50 to 115 m,Adjacent,4/17/2000
4.642251666,109,19-Apr,GAK1 50 to 115 m,Adjacent,4/18/2000
4.658145524,110,20-Apr,GAK1 50 to 115 m,Adjacent,4/19/2000
4.67005639,111,21-Apr,GAK1 50 to 115 m,Adjacent,4/20/2000
4.684833734,112,22-Apr,GAK1 50 to 115 m,Adjacent,4/21/2000
4.699776916,113,23-Apr,GAK1 50 to 115 m,Adjacent,4/22/2000
4.715971335,114,24-Apr,GAK1 50 to 115 m,Adjacent,4/23/2000
4.731052624,115,25-Apr,GAK1 50 to 115 m,Adjacent,4/24/2000
4.747425375,116,26-Apr,GAK1 50 to 115 m,Adjacent,4/25/2000
4.762804163,117,27-Apr,GAK1 50 to 115 m,Adjacent,4/26/2000
4.771606246,118,28-Apr,GAK1 50 to 115 m,Adjacent,4/27/2000
4.783589082,119,29-Apr,GAK1 50 to 115 m,Adjacent,4/28/2000
4.790707335,120,30-Apr,GAK1 50 to 115 m,Adjacent,4/29/2000
4.808775872,121,1-May,GAK1 50 to 115 m,Adjacent,4/30/2000
4.829943264,122,2-May,GAK1 50 to 115 m,Adjacent,5/1/2000
4.845978544,123,3-May,GAK1 50 to 115 m,Adjacent,5/2/2000
4.868339221,124,4-May,GAK1 50 to 115 m,Adjacent,5/3/2000
4.893038795,125,5-May,GAK1 50 to 115 m,Adjacent,5/4/2000
4.912398761,126,6-May,GAK1 50 to 115 m,Adjacent,5/5/2000
4.92781673,127,7-May,GAK1 50 to 115 m,Adjacent,5/6/2000
4.940357805,128,8-May,GAK1 50 to 115 m,Adjacent,5/7/2000
4.955258721,129,9-May,GAK1 50 to 115 m,Adjacent,5/8/2000
4.969347684,130,10-May,GAK1 50 to 115 m,Adjacent,5/9/2000
4.98488577,131,11-May,GAK1 50 to 115 m,Adjacent,5/10/2000
4.99886814,132,12-May,GAK1 50 to 115 m,Adjacent,5/11/2000
5.010730356,133,13-May,GAK1 50 to 115 m,Adjacent,5/12/2000
5.023850148,134,14-May,GAK1 50 to 115 m,Adjacent,5/13/2000
5.038772615,135,15-May,GAK1 50 to 115 m,Adjacent,5/14/2000
5.060177036,136,16-May,GAK1 50 to 115 m,Adjacent,5/15/2000
5.086286087,137,17-May,GAK1 50 to 115 m,Adjacent,5/16/2000
5.112372498,138,18-May,GAK1 50 to 115 m,Adjacent,5/17/2000
5.144358057,139,19-May,GAK1 50 to 115 m,Adjacent,5/18/2000
5.172359478,140,20-May,GAK1 50 to 115 m,Adjacent,5/19/2000
5.193336395,141,21-May,GAK1 50 to 115 m,Adjacent,5/20/2000
5.220516793,142,22-May,GAK1 50 to 115 m,Adjacent,5/21/2000
5.241203701,143,23-May,GAK1 50 to 115 m,Adjacent,5/22/2000
5.275870604,144,24-May,GAK1 50 to 115 m,Adjacent,5/23/2000
5.314666888,145,25-May,GAK1 50 to 115 m,Adjacent,5/24/2000
5.342856637,146,26-May,GAK1 50 to 115 m,Adjacent,5/25/2000
5.369559288,147,27-May,GAK1 50 to 115 m,Adjacent,5/26/2000
5.396826452,148,28-May,GAK1 50 to 115 m,Adjacent,5/27/2000
5.433700623,149,29-May,GAK1 50 to 115 m,Adjacent,5/28/2000
5.46493926,150,30-May,GAK1 50 to 115 m,Adjacent,5/29/2000
5.500287988,151,31-May,GAK1 50 to 115 m,Adjacent,5/30/2000
5.52950975,152,1-Jun,GAK1 50 to 115 m,Adjacent,5/31/2000
5.553049997,153,2-Jun,GAK1 50 to 115 m,Adjacent,6/1/2000
5.577339252,154,3-Jun,GAK1 50 to 115 m,Adjacent,6/2/2000
5.604107836,155,4-Jun,GAK1 50 to 115 m,Adjacent,6/3/2000
5.631579545,156,5-Jun,GAK1 50 to 115 m,Adjacent,6/4/2000
5.659285866,157,6-Jun,GAK1 50 to 115 m,Adjacent,6/5/2000
5.687142401,158,7-Jun,GAK1 50 to 115 m,Adjacent,6/6/2000
5.708857008,159,8-Jun,GAK1 50 to 115 m,Adjacent,6/7/2000
5.721579664,160,9-Jun,GAK1 50 to 115 m,Adjacent,6/8/2000
5.728929096,161,10-Jun,GAK1 50 to 115 m,Adjacent,6/9/2000
5.746075876,162,11-Jun,GAK1 50 to 115 m,Adjacent,6/10/2000
5.766657907,163,12-Jun,GAK1 50 to 115 m,Adjacent,6/11/2000
5.788136009,164,13-Jun,GAK1 50 to 115 m,Adjacent,6/12/2000
5.80713956,165,14-Jun,GAK1 50 to 115 m,Adjacent,6/13/2000
5.81560973,166,15-Jun,GAK1 50 to 115 m,Adjacent,6/14/2000
5.822863755,167,16-Jun,GAK1 50 to 115 m,Adjacent,6/15/2000
5.827741714,168,17-Jun,GAK1 50 to 115 m,Adjacent,6/16/2000
5.836702888,169,18-Jun,GAK1 50 to 115 m,Adjacent,6/17/2000
5.85866572,170,19-Jun,GAK1 50 to 115 m,Adjacent,6/18/2000
5.880858073,171,20-Jun,GAK1 50 to 115 m,Adjacent,6/19/2000
5.919441525,172,21-Jun,GAK1 50 to 115 m,Adjacent,6/20/2000
5.947731061,173,22-Jun,GAK1 50 to 115 m,Adjacent,6/21/2000
5.979529001,174,23-Jun,GAK1 50 to 115 m,Adjacent,6/22/2000
6.016692235,175,24-Jun,GAK1 50 to 115 m,Adjacent,6/23/2000
6.046240885,176,25-Jun,GAK1 50 to 115 m,Adjacent,6/24/2000
6.075652225,177,26-Jun,GAK1 50 to 115 m,Adjacent,6/25/2000
6.101991714,178,27-Jun,GAK1 50 to 115 m,Adjacent,6/26/2000
6.121459635,179,28-Jun,GAK1 50 to 115 m,Adjacent,6/27/2000
6.146337121,180,29-Jun,GAK1 50 to 115 m,Adjacent,6/28/2000
6.175859493,181,30-Jun,GAK1 50 to 115 m,Adjacent,6/29/2000
6.208526752,182,1-Jul,GAK1 50 to 115 m,Adjacent,6/30/2000
6.240675781,183,2-Jul,GAK1 50 to 115 m,Adjacent,7/1/2000
6.269139323,184,3-Jul,GAK1 50 to 115 m,Adjacent,7/2/2000
6.290125,185,4-Jul,GAK1 50 to 115 m,Adjacent,7/3/2000
6.30242732,186,5-Jul,GAK1 50 to 115 m,Adjacent,7/4/2000
6.32221295,187,6-Jul,GAK1 50 to 115 m,Adjacent,7/5/2000
6.343223722,188,7-Jul,GAK1 50 to 115 m,Adjacent,7/6/2000
6.362232836,189,8-Jul,GAK1 50 to 115 m,Adjacent,7/7/2000
6.390506274,190,9-Jul,GAK1 50 to 115 m,Adjacent,7/8/2000
6.40797964,191,10-Jul,GAK1 50 to 115 m,Adjacent,7/9/2000
6.419623816,192,11-Jul,GAK1 50 to 115 m,Adjacent,7/10/2000
6.422595999,193,12-Jul,GAK1 50 to 115 m,Adjacent,7/11/2000
6.403940578,194,13-Jul,GAK1 50 to 115 m,Adjacent,7/12/2000
6.397923059,195,14-Jul,GAK1 50 to 115 m,Adjacent,7/13/2000
6.402017401,196,15-Jul,GAK1 50 to 115 m,Adjacent,7/14/2000
6.405250118,197,16-Jul,GAK1 50 to 115 m,Adjacent,7/15/2000
6.415234612,198,17-Jul,GAK1 50 to 115 m,Adjacent,7/16/2000
6.429915365,199,18-Jul,GAK1 50 to 115 m,Adjacent,7/17/2000
6.44712429,200,19-Jul,GAK1 50 to 115 m,Adjacent,7/18/2000
6.466026278,201,20-Jul,GAK1 50 to 115 m,Adjacent,7/19/2000
6.463134115,202,21-Jul,GAK1 50 to 115 m,Adjacent,7/20/2000
6.454547585,203,22-Jul,GAK1 50 to 115 m,Adjacent,7/21/2000
6.448235559,204,23-Jul,GAK1 50 to 115 m,Adjacent,7/22/2000
6.44453196,205,24-Jul,GAK1 50 to 115 m,Adjacent,7/23/2000
6.444475497,206,25-Jul,GAK1 50 to 115 m,Adjacent,7/24/2000
6.454659209,207,26-Jul,GAK1 50 to 115 m,Adjacent,7/25/2000
6.47870857,208,27-Jul,GAK1 50 to 115 m,Adjacent,7/26/2000
6.497754143,209,28-Jul,GAK1 50 to 115 m,Adjacent,7/27/2000
6.509504025,210,29-Jul,GAK1 50 to 115 m,Adjacent,7/28/2000
6.518962831,211,30-Jul,GAK1 50 to 115 m,Adjacent,7/29/2000
6.523154593,212,31-Jul,GAK1 50 to 115 m,Adjacent,7/30/2000
6.536632931,213,1-Aug,GAK1 50 to 115 m,Adjacent,7/31/2000
6.546610322,214,2-Aug,GAK1 50 to 115 m,Adjacent,8/1/2000
6.564597183,215,3-Aug,GAK1 50 to 115 m,Adjacent,8/2/2000
6.60757848,216,4-Aug,GAK1 50 to 115 m,Adjacent,8/3/2000
6.64234008,217,5-Aug,GAK1 50 to 115 m,Adjacent,8/4/2000
6.662824219,218,6-Aug,GAK1 50 to 115 m,Adjacent,8/5/2000
6.684569484,219,7-Aug,GAK1 50 to 115 m,Adjacent,8/6/2000
6.716640388,220,8-Aug,GAK1 50 to 115 m,Adjacent,8/7/2000
6.747028646,221,9-Aug,GAK1 50 to 115 m,Adjacent,8/8/2000
6.779265862,222,10-Aug,GAK1 50 to 115 m,Adjacent,8/9/2000
6.811958688,223,11-Aug,GAK1 50 to 115 m,Adjacent,8/10/2000
6.844658262,224,12-Aug,GAK1 50 to 115 m,Adjacent,8/11/2000
6.893852036,225,13-Aug,GAK1 50 to 115 m,Adjacent,8/12/2000
6.941602273,226,14-Aug,GAK1 50 to 115 m,Adjacent,8/13/2000
6.974208452,227,15-Aug,GAK1 50 to 115 m,Adjacent,8/14/2000
7.004015507,228,16-Aug,GAK1 50 to 115 m,Adjacent,8/15/2000
7.037640862,229,17-Aug,GAK1 50 to 115 m,Adjacent,8/16/2000
7.055496094,230,18-Aug,GAK1 50 to 115 m,Adjacent,8/17/2000
7.061193774,231,19-Aug,GAK1 50 to 115 m,Adjacent,8/18/2000
7.069828835,232,20-Aug,GAK1 50 to 115 m,Adjacent,8/19/2000
7.103330019,233,21-Aug,GAK1 50 to 115 m,Adjacent,8/20/2000
7.148785038,234,22-Aug,GAK1 50 to 115 m,Adjacent,8/21/2000
7.183012192,235,23-Aug,GAK1 50 to 115 m,Adjacent,8/22/2000
7.221439394,236,24-Aug,GAK1 50 to 115 m,Adjacent,8/23/2000
7.254023319,237,25-Aug,GAK1 50 to 115 m,Adjacent,8/24/2000
7.259751776,238,26-Aug,GAK1 50 to 115 m,Adjacent,8/25/2000
7.265673651,239,27-Aug,GAK1 50 to 115 m,Adjacent,8/26/2000
7.287109375,240,28-Aug,GAK1 50 to 115 m,Adjacent,8/27/2000
7.308254972,241,29-Aug,GAK1 50 to 115 m,Adjacent,8/28/2000
7.312948153,242,30-Aug,GAK1 50 to 115 m,Adjacent,8/29/2000
7.329574219,243,31-Aug,GAK1 50 to 115 m,Adjacent,8/30/2000
7.358076941,244,1-Sep,GAK1 50 to 115 m,Adjacent,8/31/2000
7.363457386,245,2-Sep,GAK1 50 to 115 m,Adjacent,9/1/2000
7.377870739,246,3-Sep,GAK1 50 to 115 m,Adjacent,9/2/2000
7.384935251,247,4-Sep,GAK1 50 to 115 m,Adjacent,9/3/2000
7.411434541,248,5-Sep,GAK1 50 to 115 m,Adjacent,9/4/2000
7.453572562,249,6-Sep,GAK1 50 to 115 m,Adjacent,9/5/2000
7.494329427,250,7-Sep,GAK1 50 to 115 m,Adjacent,9/6/2000
7.531508049,251,8-Sep,GAK1 50 to 115 m,Adjacent,9/7/2000
7.573522609,252,9-Sep,GAK1 50 to 115 m,Adjacent,9/8/2000
7.611533617,253,10-Sep,GAK1 50 to 115 m,Adjacent,9/9/2000
7.637484848,254,11-Sep,GAK1 50 to 115 m,Adjacent,9/10/2000
7.650301728,255,12-Sep,GAK1 50 to 115 m,Adjacent,9/11/2000
7.670240412,256,13-Sep,GAK1 50 to 115 m,Adjacent,9/12/2000
7.697377131,257,14-Sep,GAK1 50 to 115 m,Adjacent,9/13/2000
7.70977545,258,15-Sep,GAK1 50 to 115 m,Adjacent,9/14/2000
7.712983783,259,16-Sep,GAK1 50 to 115 m,Adjacent,9/15/2000
7.724524976,260,17-Sep,GAK1 50 to 115 m,Adjacent,9/16/2000
7.743246686,261,18-Sep,GAK1 50 to 115 m,Adjacent,9/17/2000
7.76079214,262,19-Sep,GAK1 50 to 115 m,Adjacent,9/18/2000
7.755082978,263,20-Sep,GAK1 50 to 115 m,Adjacent,9/19/2000
7.753614465,264,21-Sep,GAK1 50 to 115 m,Adjacent,9/20/2000
7.73744839,265,22-Sep,GAK1 50 to 115 m,Adjacent,9/21/2000
7.728147609,266,23-Sep,GAK1 50 to 115 m,Adjacent,9/22/2000
7.765334044,267,24-Sep,GAK1 50 to 115 m,Adjacent,9/23/2000
7.805794981,268,25-Sep,GAK1 50 to 115 m,Adjacent,9/24/2000
7.842488636,269,26-Sep,GAK1 50 to 115 m,Adjacent,9/25/2000
7.857042732,270,27-Sep,GAK1 50 to 115 m,Adjacent,9/26/2000
7.869150805,271,28-Sep,GAK1 50 to 115 m,Adjacent,9/27/2000
7.901632576,272,29-Sep,GAK1 50 to 115 m,Adjacent,9/28/2000
7.918787405,273,30-Sep,GAK1 50 to 115 m,Adjacent,9/29/2000
7.934795336,274,1-Oct,GAK1 50 to 115 m,Adjacent,9/30/2000
7.973759115,275,2-Oct,GAK1 50 to 115 m,Adjacent,10/1/2000
8.006075521,276,3-Oct,GAK1 50 to 115 m,Adjacent,10/2/2000
8.047087003,277,4-Oct,GAK1 50 to 115 m,Adjacent,10/3/2000
8.084343632,278,5-Oct,GAK1 50 to 115 m,Adjacent,10/4/2000
8.141012429,279,6-Oct,GAK1 50 to 115 m,Adjacent,10/5/2000
8.192264678,280,7-Oct,GAK1 50 to 115 m,Adjacent,10/6/2000
8.233584044,281,8-Oct,GAK1 50 to 115 m,Adjacent,10/7/2000
8.27893821,282,9-Oct,GAK1 50 to 115 m,Adjacent,10/8/2000
8.317117543,283,10-Oct,GAK1 50 to 115 m,Adjacent,10/9/2000
8.361280303,284,11-Oct,GAK1 50 to 115 m,Adjacent,10/10/2000
8.422180516,285,12-Oct,GAK1 50 to 115 m,Adjacent,10/11/2000
8.47508937,286,13-Oct,GAK1 50 to 115 m,Adjacent,10/12/2000
8.535612334,287,14-Oct,GAK1 50 to 115 m,Adjacent,10/13/2000
8.578301965,288,15-Oct,GAK1 50 to 115 m,Adjacent,10/14/2000
8.59982706,289,16-Oct,GAK1 50 to 115 m,Adjacent,10/15/2000
8.630082268,290,17-Oct,GAK1 50 to 115 m,Adjacent,10/16/2000
8.666587003,291,18-Oct,GAK1 50 to 115 m,Adjacent,10/17/2000
8.697042495,292,19-Oct,GAK1 50 to 115 m,Adjacent,10/18/2000
8.717462003,293,20-Oct,GAK1 50 to 115 m,Adjacent,10/19/2000
8.735195549,294,21-Oct,GAK1 50 to 115 m,Adjacent,10/20/2000
8.770919271,295,22-Oct,GAK1 50 to 115 m,Adjacent,10/21/2000
8.807897964,296,23-Oct,GAK1 50 to 115 m,Adjacent,10/22/2000
8.843101089,297,24-Oct,GAK1 50 to 115 m,Adjacent,10/23/2000
8.906066643,298,25-Oct,GAK1 50 to 115 m,Adjacent,10/24/2000
8.949972538,299,26-Oct,GAK1 50 to 115 m,Adjacent,10/25/2000
8.98100367,300,27-Oct,GAK1 50 to 115 m,Adjacent,10/26/2000
9.000180871,301,28-Oct,GAK1 50 to 115 m,Adjacent,10/27/2000
9.027984257,302,29-Oct,GAK1 50 to 115 m,Adjacent,10/28/2000
9.070867306,303,30-Oct,GAK1 50 to 115 m,Adjacent,10/29/2000
9.107338778,304,31-Oct,GAK1 50 to 115 m,Adjacent,10/30/2000
9.141534683,305,1-Nov,GAK1 50 to 115 m,Adjacent,10/31/2000
9.15597384,306,2-Nov,GAK1 50 to 115 m,Adjacent,11/1/2000
9.172755327,307,3-Nov,GAK1 50 to 115 m,Adjacent,11/2/2000
9.204377723,308,4-Nov,GAK1 50 to 115 m,Adjacent,11/3/2000
9.223073153,309,5-Nov,GAK1 50 to 115 m,Adjacent,11/4/2000
9.233279001,310,6-Nov,GAK1 50 to 115 m,Adjacent,11/5/2000
9.241021425,311,7-Nov,GAK1 50 to 115 m,Adjacent,11/6/2000
9.241843395,312,8-Nov,GAK1 50 to 115 m,Adjacent,11/7/2000
9.235153409,313,9-Nov,GAK1 50 to 115 m,Adjacent,11/8/2000
9.234204782,314,10-Nov,GAK1 50 to 115 m,Adjacent,11/9/2000
9.250209754,315,11-Nov,GAK1 50 to 115 m,Adjacent,11/10/2000
9.244500118,316,12-Nov,GAK1 50 to 115 m,Adjacent,11/11/2000
9.231319366,317,13-Nov,GAK1 50 to 115 m,Adjacent,11/12/2000
9.224556108,318,14-Nov,GAK1 50 to 115 m,Adjacent,11/13/2000
9.206265388,319,15-Nov,GAK1 50 to 115 m,Adjacent,11/14/2000
9.182642637,320,16-Nov,GAK1 50 to 115 m,Adjacent,11/15/2000
9.165467448,321,17-Nov,GAK1 50 to 115 m,Adjacent,11/16/2000
9.147913944,322,18-Nov,GAK1 50 to 115 m,Adjacent,11/17/2000
9.122981297,323,19-Nov,GAK1 50 to 115 m,Adjacent,11/18/2000
9.102334991,324,20-Nov,GAK1 50 to 115 m,Adjacent,11/19/2000
9.08129723,325,21-Nov,GAK1 50 to 115 m,Adjacent,11/20/2000
9.060673651,326,22-Nov,GAK1 50 to 115 m,Adjacent,11/21/2000
9.037961411,327,23-Nov,GAK1 50 to 115 m,Adjacent,11/22/2000
9.014483073,328,24-Nov,GAK1 50 to 115 m,Adjacent,11/23/2000
8.995878433,329,25-Nov,GAK1 50 to 115 m,Adjacent,11/24/2000
8.966451941,330,26-Nov,GAK1 50 to 115 m,Adjacent,11/25/2000
8.946069484,331,27-Nov,GAK1 50 to 115 m,Adjacent,11/26/2000
8.930272135,332,28-Nov,GAK1 50 to 115 m,Adjacent,11/27/2000
8.91098402,333,29-Nov,GAK1 50 to 115 m,Adjacent,11/28/2000
8.887033381,334,30-Nov,GAK1 50 to 115 m,Adjacent,11/29/2000
7.594850142,1,1-Jan,GAK1 120 to 185 m,Adjacent,1/1/2000
7.568949337,2,2-Jan,GAK1 120 to 185 m,Adjacent,1/2/2000
7.53752178,3,3-Jan,GAK1 120 to 185 m,Adjacent,1/3/2000
7.50926965,4,4-Jan,GAK1 120 to 185 m,Adjacent,1/4/2000
7.485974195,5,5-Jan,GAK1 120 to 185 m,Adjacent,1/5/2000
7.454715199,6,6-Jan,GAK1 120 to 185 m,Adjacent,1/6/2000
7.422701231,7,7-Jan,GAK1 120 to 185 m,Adjacent,1/7/2000
7.396441998,8,8-Jan,GAK1 120 to 185 m,Adjacent,1/8/2000
7.368419508,9,9-Jan,GAK1 120 to 185 m,Adjacent,1/9/2000
7.344762547,10,10-Jan,GAK1 120 to 185 m,Adjacent,1/10/2000
7.322687263,11,11-Jan,GAK1 120 to 185 m,Adjacent,1/11/2000
7.306641098,12,12-Jan,GAK1 120 to 185 m,Adjacent,1/12/2000
7.291663116,13,13-Jan,GAK1 120 to 185 m,Adjacent,1/13/2000
7.267334991,14,14-Jan,GAK1 120 to 185 m,Adjacent,1/14/2000
7.246453362,15,15-Jan,GAK1 120 to 185 m,Adjacent,1/15/2000
7.217711411,16,16-Jan,GAK1 120 to 185 m,Adjacent,1/16/2000
7.198870739,17,17-Jan,GAK1 120 to 185 m,Adjacent,1/17/2000
7.16137429,18,18-Jan,GAK1 120 to 185 m,Adjacent,1/18/2000
7.12950947,19,19-Jan,GAK1 120 to 185 m,Adjacent,1/19/2000
7.091620975,20,20-Jan,GAK1 120 to 185 m,Adjacent,1/20/2000
7.050424479,21,21-Jan,GAK1 120 to 185 m,Adjacent,1/21/2000
7.002341383,22,22-Jan,GAK1 120 to 185 m,Adjacent,1/22/2000
6.960659564,23,23-Jan,GAK1 120 to 185 m,Adjacent,1/23/2000
6.923948153,24,24-Jan,GAK1 120 to 185 m,Adjacent,1/24/2000
6.886169981,25,25-Jan,GAK1 120 to 185 m,Adjacent,1/25/2000
6.847612453,26,26-Jan,GAK1 120 to 185 m,Adjacent,1/26/2000
6.807215909,27,27-Jan,GAK1 120 to 185 m,Adjacent,1/27/2000
6.772693892,28,28-Jan,GAK1 120 to 185 m,Adjacent,1/28/2000
6.738753788,29,29-Jan,GAK1 120 to 185 m,Adjacent,1/29/2000
6.704856297,30,30-Jan,GAK1 120 to 185 m,Adjacent,1/30/2000
6.664134706,31,31-Jan,GAK1 120 to 185 m,Adjacent,1/31/2000
7.377754498,335,1-Dec,GAK1 120 to 185 m,Adjacent,11/30/2000
7.438973248,336,2-Dec,GAK1 120 to 185 m,Adjacent,12/1/2000
7.503633523,337,3-Dec,GAK1 120 to 185 m,Adjacent,12/2/2000
7.545420218,338,4-Dec,GAK1 120 to 185 m,Adjacent,12/3/2000
7.577899148,339,5-Dec,GAK1 120 to 185 m,Adjacent,12/4/2000
7.599162879,340,6-Dec,GAK1 120 to 185 m,Adjacent,12/5/2000
7.611012074,341,7-Dec,GAK1 120 to 185 m,Adjacent,12/6/2000
7.65310322,342,8-Dec,GAK1 120 to 185 m,Adjacent,12/7/2000
7.69069768,343,9-Dec,GAK1 120 to 185 m,Adjacent,12/8/2000
7.716911222,344,10-Dec,GAK1 120 to 185 m,Adjacent,12/9/2000
7.751208333,345,11-Dec,GAK1 120 to 185 m,Adjacent,12/10/2000
7.782483428,346,12-Dec,GAK1 120 to 185 m,Adjacent,12/11/2000
7.809841619,347,13-Dec,GAK1 120 to 185 m,Adjacent,12/12/2000
7.830010653,348,14-Dec,GAK1 120 to 185 m,Adjacent,12/13/2000
7.822672348,349,15-Dec,GAK1 120 to 185 m,Adjacent,12/14/2000
7.826421875,350,16-Dec,GAK1 120 to 185 m,Adjacent,12/15/2000
7.861069129,351,17-Dec,GAK1 120 to 185 m,Adjacent,12/16/2000
7.876889915,352,18-Dec,GAK1 120 to 185 m,Adjacent,12/17/2000
7.872878078,353,19-Dec,GAK1 120 to 185 m,Adjacent,12/18/2000
7.877689631,354,20-Dec,GAK1 120 to 185 m,Adjacent,12/19/2000
7.87783286,355,21-Dec,GAK1 120 to 185 m,Adjacent,12/20/2000
7.872883523,356,22-Dec,GAK1 120 to 185 m,Adjacent,12/21/2000
7.874509706,357,23-Dec,GAK1 120 to 185 m,Adjacent,12/22/2000
7.870675189,358,24-Dec,GAK1 120 to 185 m,Adjacent,12/23/2000
7.859774384,359,25-Dec,GAK1 120 to 185 m,Adjacent,12/24/2000
7.855155303,360,26-Dec,GAK1 120 to 185 m,Adjacent,12/25/2000
7.854516335,361,27-Dec,GAK1 120 to 185 m,Adjacent,12/26/2000
7.859229403,362,28-Dec,GAK1 120 to 185 m,Adjacent,12/27/2000
7.864336884,363,29-Dec,GAK1 120 to 185 m,Adjacent,12/28/2000
7.849724905,364,30-Dec,GAK1 120 to 185 m,Adjacent,12/29/2000
7.826442472,365,31-Dec,GAK1 120 to 185 m,Adjacent,12/30/2000
6.564892756,32,1-Feb,GAK1 120 to 185 m,Adjacent,2/1/2000
6.508777699,33,2-Feb,GAK1 120 to 185 m,Adjacent,2/2/2000
6.461372396,34,3-Feb,GAK1 120 to 185 m,Adjacent,2/3/2000
6.428472775,35,4-Feb,GAK1 120 to 185 m,Adjacent,2/4/2000
6.400600379,36,5-Feb,GAK1 120 to 185 m,Adjacent,2/5/2000
6.364641809,37,6-Feb,GAK1 120 to 185 m,Adjacent,2/6/2000
6.333091383,38,7-Feb,GAK1 120 to 185 m,Adjacent,2/7/2000
6.29297017,39,8-Feb,GAK1 120 to 185 m,Adjacent,2/8/2000
6.269898911,40,9-Feb,GAK1 120 to 185 m,Adjacent,2/9/2000
6.251962121,41,10-Feb,GAK1 120 to 185 m,Adjacent,2/10/2000
6.234682765,42,11-Feb,GAK1 120 to 185 m,Adjacent,2/11/2000
6.226503788,43,12-Feb,GAK1 120 to 185 m,Adjacent,2/12/2000
6.212201231,44,13-Feb,GAK1 120 to 185 m,Adjacent,2/13/2000
6.187099669,45,14-Feb,GAK1 120 to 185 m,Adjacent,2/14/2000
6.172500947,46,15-Feb,GAK1 120 to 185 m,Adjacent,2/15/2000
6.157778883,47,16-Feb,GAK1 120 to 185 m,Adjacent,2/16/2000
6.143271307,48,17-Feb,GAK1 120 to 185 m,Adjacent,2/17/2000
6.131763258,49,18-Feb,GAK1 120 to 185 m,Adjacent,2/18/2000
6.116010653,50,19-Feb,GAK1 120 to 185 m,Adjacent,2/19/2000
6.098562263,51,20-Feb,GAK1 120 to 185 m,Adjacent,2/20/2000
6.081180634,52,21-Feb,GAK1 120 to 185 m,Adjacent,2/21/2000
6.079835938,53,22-Feb,GAK1 120 to 185 m,Adjacent,2/22/2000
6.085486032,54,23-Feb,GAK1 120 to 185 m,Adjacent,2/23/2000
6.073432528,55,24-Feb,GAK1 120 to 185 m,Adjacent,2/24/2000
6.057973958,56,25-Feb,GAK1 120 to 185 m,Adjacent,2/25/2000
6.032593987,57,26-Feb,GAK1 120 to 185 m,Adjacent,2/26/2000
6.01125071,58,27-Feb,GAK1 120 to 185 m,Adjacent,2/27/2000
5.995229403,59,28-Feb,GAK1 120 to 185 m,Adjacent,2/28/2000
5.990882025,60,1-Mar,GAK1 120 to 185 m,Adjacent,2/29/2000
5.992817103,61,2-Mar,GAK1 120 to 185 m,Adjacent,3/1/2000
5.98971124,62,3-Mar,GAK1 120 to 185 m,Adjacent,3/2/2000
5.987625242,63,4-Mar,GAK1 120 to 185 m,Adjacent,3/3/2000
5.987897529,64,5-Mar,GAK1 120 to 185 m,Adjacent,3/4/2000
5.975202277,65,6-Mar,GAK1 120 to 185 m,Adjacent,3/5/2000
5.953538033,66,7-Mar,GAK1 120 to 185 m,Adjacent,3/6/2000
5.941578488,67,8-Mar,GAK1 120 to 185 m,Adjacent,3/7/2000
5.940323886,68,9-Mar,GAK1 120 to 185 m,Adjacent,3/8/2000
5.933606347,69,10-Mar,GAK1 120 to 185 m,Adjacent,3/9/2000
5.91637064,70,11-Mar,GAK1 120 to 185 m,Adjacent,3/10/2000
5.903003876,71,12-Mar,GAK1 120 to 185 m,Adjacent,3/11/2000
5.878419331,72,13-Mar,GAK1 120 to 185 m,Adjacent,3/12/2000
5.851649225,73,14-Mar,GAK1 120 to 185 m,Adjacent,3/13/2000
5.831726502,74,15-Mar,GAK1 120 to 185 m,Adjacent,3/14/2000
5.799391231,75,16-Mar,GAK1 120 to 185 m,Adjacent,3/15/2000
5.764407946,76,17-Mar,GAK1 120 to 185 m,Adjacent,3/16/2000
5.745817587,77,18-Mar,GAK1 120 to 185 m,Adjacent,3/17/2000
5.720696705,78,19-Mar,GAK1 120 to 185 m,Adjacent,3/18/2000
5.70693532,79,20-Mar,GAK1 120 to 185 m,Adjacent,3/19/2000
5.694060562,80,21-Mar,GAK1 120 to 185 m,Adjacent,3/20/2000
5.680285853,81,22-Mar,GAK1 120 to 185 m,Adjacent,3/21/2000
5.665629498,82,23-Mar,GAK1 120 to 185 m,Adjacent,3/22/2000
5.650277936,83,24-Mar,GAK1 120 to 185 m,Adjacent,3/23/2000
5.643158854,84,25-Mar,GAK1 120 to 185 m,Adjacent,3/24/2000
5.624502604,85,26-Mar,GAK1 120 to 185 m,Adjacent,3/25/2000
5.597107244,86,27-Mar,GAK1 120 to 185 m,Adjacent,3/26/2000
5.581464489,87,28-Mar,GAK1 120 to 185 m,Adjacent,3/27/2000
5.580087121,88,29-Mar,GAK1 120 to 185 m,Adjacent,3/28/2000
5.580637784,89,30-Mar,GAK1 120 to 185 m,Adjacent,3/29/2000
5.566378551,90,31-Mar,GAK1 120 to 185 m,Adjacent,3/30/2000
5.554314157,91,1-Apr,GAK1 120 to 185 m,Adjacent,3/31/2000
5.544463068,92,2-Apr,GAK1 120 to 185 m,Adjacent,4/1/2000
5.532574811,93,3-Apr,GAK1 120 to 185 m,Adjacent,4/2/2000
5.528055161,94,4-Apr,GAK1 120 to 185 m,Adjacent,4/3/2000
5.532464252,95,5-Apr,GAK1 120 to 185 m,Adjacent,4/4/2000
5.541236032,96,6-Apr,GAK1 120 to 185 m,Adjacent,4/5/2000
5.546288826,97,7-Apr,GAK1 120 to 185 m,Adjacent,4/6/2000
5.55679214,98,8-Apr,GAK1 120 to 185 m,Adjacent,4/7/2000
5.566536458,99,9-Apr,GAK1 120 to 185 m,Adjacent,4/8/2000
5.578639678,100,10-Apr,GAK1 120 to 185 m,Adjacent,4/9/2000
5.576162405,101,11-Apr,GAK1 120 to 185 m,Adjacent,4/10/2000
5.571423059,102,12-Apr,GAK1 120 to 185 m,Adjacent,4/11/2000
5.560840436,103,13-Apr,GAK1 120 to 185 m,Adjacent,4/12/2000
5.550635653,104,14-Apr,GAK1 120 to 185 m,Adjacent,4/13/2000
5.545616477,105,15-Apr,GAK1 120 to 185 m,Adjacent,4/14/2000
5.53194768,106,16-Apr,GAK1 120 to 185 m,Adjacent,4/15/2000
5.52029143,107,17-Apr,GAK1 120 to 185 m,Adjacent,4/16/2000
5.522293797,108,18-Apr,GAK1 120 to 185 m,Adjacent,4/17/2000
5.52128085,109,19-Apr,GAK1 120 to 185 m,Adjacent,4/18/2000
5.510241653,110,20-Apr,GAK1 120 to 185 m,Adjacent,4/19/2000
5.500009409,111,21-Apr,GAK1 120 to 185 m,Adjacent,4/20/2000
5.491797998,112,22-Apr,GAK1 120 to 185 m,Adjacent,4/21/2000
5.48532228,113,23-Apr,GAK1 120 to 185 m,Adjacent,4/22/2000
5.479446807,114,24-Apr,GAK1 120 to 185 m,Adjacent,4/23/2000
5.469559023,115,25-Apr,GAK1 120 to 185 m,Adjacent,4/24/2000
5.460098795,116,26-Apr,GAK1 120 to 185 m,Adjacent,4/25/2000
5.446338615,117,27-Apr,GAK1 120 to 185 m,Adjacent,4/26/2000
5.428485869,118,28-Apr,GAK1 120 to 185 m,Adjacent,4/27/2000
5.419310206,119,29-Apr,GAK1 120 to 185 m,Adjacent,4/28/2000
5.411354004,120,30-Apr,GAK1 120 to 185 m,Adjacent,4/29/2000
5.401724269,121,1-May,GAK1 120 to 185 m,Adjacent,4/30/2000
5.390163189,122,2-May,GAK1 120 to 185 m,Adjacent,5/1/2000
5.381378625,123,3-May,GAK1 120 to 185 m,Adjacent,5/2/2000
5.373283454,124,4-May,GAK1 120 to 185 m,Adjacent,5/3/2000
5.372491314,125,5-May,GAK1 120 to 185 m,Adjacent,5/4/2000
5.37097924,126,6-May,GAK1 120 to 185 m,Adjacent,5/5/2000
5.360471665,127,7-May,GAK1 120 to 185 m,Adjacent,5/6/2000
5.351373653,128,8-May,GAK1 120 to 185 m,Adjacent,5/7/2000
5.348247706,129,9-May,GAK1 120 to 185 m,Adjacent,5/8/2000
5.341792687,130,10-May,GAK1 120 to 185 m,Adjacent,5/9/2000
5.339526989,131,11-May,GAK1 120 to 185 m,Adjacent,5/10/2000
5.343621693,132,12-May,GAK1 120 to 185 m,Adjacent,5/11/2000
5.347498114,133,13-May,GAK1 120 to 185 m,Adjacent,5/12/2000
5.348889212,134,14-May,GAK1 120 to 185 m,Adjacent,5/13/2000
5.347070659,135,15-May,GAK1 120 to 185 m,Adjacent,5/14/2000
5.350996322,136,16-May,GAK1 120 to 185 m,Adjacent,5/15/2000
5.360024021,137,17-May,GAK1 120 to 185 m,Adjacent,5/16/2000
5.369978567,138,18-May,GAK1 120 to 185 m,Adjacent,5/17/2000
5.383659201,139,19-May,GAK1 120 to 185 m,Adjacent,5/18/2000
5.39593619,140,20-May,GAK1 120 to 185 m,Adjacent,5/19/2000
5.406191161,141,21-May,GAK1 120 to 185 m,Adjacent,5/20/2000
5.414861616,142,22-May,GAK1 120 to 185 m,Adjacent,5/21/2000
5.422795091,143,23-May,GAK1 120 to 185 m,Adjacent,5/22/2000
5.42846886,144,24-May,GAK1 120 to 185 m,Adjacent,5/23/2000
5.430928377,145,25-May,GAK1 120 to 185 m,Adjacent,5/24/2000
5.436685953,146,26-May,GAK1 120 to 185 m,Adjacent,5/25/2000
5.443059296,147,27-May,GAK1 120 to 185 m,Adjacent,5/26/2000
5.452526862,148,28-May,GAK1 120 to 185 m,Adjacent,5/27/2000
5.459489693,149,29-May,GAK1 120 to 185 m,Adjacent,5/28/2000
5.465933822,150,30-May,GAK1 120 to 185 m,Adjacent,5/29/2000
5.46883297,151,31-May,GAK1 120 to 185 m,Adjacent,5/30/2000
5.470940451,152,1-Jun,GAK1 120 to 185 m,Adjacent,5/31/2000
5.469342913,153,2-Jun,GAK1 120 to 185 m,Adjacent,6/1/2000
5.468597301,154,3-Jun,GAK1 120 to 185 m,Adjacent,6/2/2000
5.466080492,155,4-Jun,GAK1 120 to 185 m,Adjacent,6/3/2000
5.464296165,156,5-Jun,GAK1 120 to 185 m,Adjacent,6/4/2000
5.466450758,157,6-Jun,GAK1 120 to 185 m,Adjacent,6/5/2000
5.472370502,158,7-Jun,GAK1 120 to 185 m,Adjacent,6/6/2000
5.478282197,159,8-Jun,GAK1 120 to 185 m,Adjacent,6/7/2000
5.48396804,160,9-Jun,GAK1 120 to 185 m,Adjacent,6/8/2000
5.489243608,161,10-Jun,GAK1 120 to 185 m,Adjacent,6/9/2000
5.493819366,162,11-Jun,GAK1 120 to 185 m,Adjacent,6/10/2000
5.499410038,163,12-Jun,GAK1 120 to 185 m,Adjacent,6/11/2000
5.503787169,164,13-Jun,GAK1 120 to 185 m,Adjacent,6/12/2000
5.511224669,165,14-Jun,GAK1 120 to 185 m,Adjacent,6/13/2000
5.523542377,166,15-Jun,GAK1 120 to 185 m,Adjacent,6/14/2000
5.538912642,167,16-Jun,GAK1 120 to 185 m,Adjacent,6/15/2000
5.551216619,168,17-Jun,GAK1 120 to 185 m,Adjacent,6/16/2000
5.560203598,169,18-Jun,GAK1 120 to 185 m,Adjacent,6/17/2000
5.566711174,170,19-Jun,GAK1 120 to 185 m,Adjacent,6/18/2000
5.576202888,171,20-Jun,GAK1 120 to 185 m,Adjacent,6/19/2000
5.585483191,172,21-Jun,GAK1 120 to 185 m,Adjacent,6/20/2000
5.591994792,173,22-Jun,GAK1 120 to 185 m,Adjacent,6/21/2000
5.598010653,174,23-Jun,GAK1 120 to 185 m,Adjacent,6/22/2000
5.601945786,175,24-Jun,GAK1 120 to 185 m,Adjacent,6/23/2000
5.605317235,176,25-Jun,GAK1 120 to 185 m,Adjacent,6/24/2000
5.609744792,177,26-Jun,GAK1 120 to 185 m,Adjacent,6/25/2000
5.615420691,178,27-Jun,GAK1 120 to 185 m,Adjacent,6/26/2000
5.620953598,179,28-Jun,GAK1 120 to 185 m,Adjacent,6/27/2000
5.62426018,180,29-Jun,GAK1 120 to 185 m,Adjacent,6/28/2000
5.625151042,181,30-Jun,GAK1 120 to 185 m,Adjacent,6/29/2000
5.625504261,182,1-Jul,GAK1 120 to 185 m,Adjacent,6/30/2000
5.626888494,183,2-Jul,GAK1 120 to 185 m,Adjacent,7/1/2000
5.627659091,184,3-Jul,GAK1 120 to 185 m,Adjacent,7/2/2000
5.628226563,185,4-Jul,GAK1 120 to 185 m,Adjacent,7/3/2000
5.627726799,186,5-Jul,GAK1 120 to 185 m,Adjacent,7/4/2000
5.628652462,187,6-Jul,GAK1 120 to 185 m,Adjacent,7/5/2000
5.63137571,188,7-Jul,GAK1 120 to 185 m,Adjacent,7/6/2000
5.633674242,189,8-Jul,GAK1 120 to 185 m,Adjacent,7/7/2000
5.635596117,190,9-Jul,GAK1 120 to 185 m,Adjacent,7/8/2000
5.63848035,191,10-Jul,GAK1 120 to 185 m,Adjacent,7/9/2000
5.640608902,192,11-Jul,GAK1 120 to 185 m,Adjacent,7/10/2000
5.640243608,193,12-Jul,GAK1 120 to 185 m,Adjacent,7/11/2000
5.639700994,194,13-Jul,GAK1 120 to 185 m,Adjacent,7/12/2000
5.6420625,195,14-Jul,GAK1 120 to 185 m,Adjacent,7/13/2000
5.643872633,196,15-Jul,GAK1 120 to 185 m,Adjacent,7/14/2000
5.646021307,197,16-Jul,GAK1 120 to 185 m,Adjacent,7/15/2000
5.649249527,198,17-Jul,GAK1 120 to 185 m,Adjacent,7/16/2000
5.652210464,199,18-Jul,GAK1 120 to 185 m,Adjacent,7/17/2000
5.654195076,200,19-Jul,GAK1 120 to 185 m,Adjacent,7/18/2000
5.656004498,201,20-Jul,GAK1 120 to 185 m,Adjacent,7/19/2000
5.656851799,202,21-Jul,GAK1 120 to 185 m,Adjacent,7/20/2000
5.662365294,203,22-Jul,GAK1 120 to 185 m,Adjacent,7/21/2000
5.666170928,204,23-Jul,GAK1 120 to 185 m,Adjacent,7/22/2000
5.668559422,205,24-Jul,GAK1 120 to 185 m,Adjacent,7/23/2000
5.671097775,206,25-Jul,GAK1 120 to 185 m,Adjacent,7/24/2000
5.676296165,207,26-Jul,GAK1 120 to 185 m,Adjacent,7/25/2000
5.680850379,208,27-Jul,GAK1 120 to 185 m,Adjacent,7/26/2000
5.683861506,209,28-Jul,GAK1 120 to 185 m,Adjacent,7/27/2000
5.6865116,210,29-Jul,GAK1 120 to 185 m,Adjacent,7/28/2000
5.687906487,211,30-Jul,GAK1 120 to 185 m,Adjacent,7/29/2000
5.69028267,212,31-Jul,GAK1 120 to 185 m,Adjacent,7/30/2000
5.69470715,213,1-Aug,GAK1 120 to 185 m,Adjacent,7/31/2000
5.69957339,214,2-Aug,GAK1 120 to 185 m,Adjacent,8/1/2000
5.704410748,215,3-Aug,GAK1 120 to 185 m,Adjacent,8/2/2000
5.70891714,216,4-Aug,GAK1 120 to 185 m,Adjacent,8/3/2000
5.713652462,217,5-Aug,GAK1 120 to 185 m,Adjacent,8/4/2000
5.716804451,218,6-Aug,GAK1 120 to 185 m,Adjacent,8/5/2000
5.720829545,219,7-Aug,GAK1 120 to 185 m,Adjacent,8/6/2000
5.725683949,220,8-Aug,GAK1 120 to 185 m,Adjacent,8/7/2000
5.72791785,221,9-Aug,GAK1 120 to 185 m,Adjacent,8/8/2000
5.73049929,222,10-Aug,GAK1 120 to 185 m,Adjacent,8/9/2000
5.733100379,223,11-Aug,GAK1 120 to 185 m,Adjacent,8/10/2000
5.736836174,224,12-Aug,GAK1 120 to 185 m,Adjacent,8/11/2000
5.737326231,225,13-Aug,GAK1 120 to 185 m,Adjacent,8/12/2000
5.741160511,226,14-Aug,GAK1 120 to 185 m,Adjacent,8/13/2000
5.745183239,227,15-Aug,GAK1 120 to 185 m,Adjacent,8/14/2000
5.750187027,228,16-Aug,GAK1 120 to 185 m,Adjacent,8/15/2000
5.752417614,229,17-Aug,GAK1 120 to 185 m,Adjacent,8/16/2000
5.754611506,230,18-Aug,GAK1 120 to 185 m,Adjacent,8/17/2000
5.756709991,231,19-Aug,GAK1 120 to 185 m,Adjacent,8/18/2000
5.758746686,232,20-Aug,GAK1 120 to 185 m,Adjacent,8/19/2000
5.761600379,233,21-Aug,GAK1 120 to 185 m,Adjacent,8/20/2000
5.763105824,234,22-Aug,GAK1 120 to 185 m,Adjacent,8/21/2000
5.765619318,235,23-Aug,GAK1 120 to 185 m,Adjacent,8/22/2000
5.767629025,236,24-Aug,GAK1 120 to 185 m,Adjacent,8/23/2000
5.771871212,237,25-Aug,GAK1 120 to 185 m,Adjacent,8/24/2000
5.775971828,238,26-Aug,GAK1 120 to 185 m,Adjacent,8/25/2000
5.779015862,239,27-Aug,GAK1 120 to 185 m,Adjacent,8/26/2000
5.784579072,240,28-Aug,GAK1 120 to 185 m,Adjacent,8/27/2000
5.789701231,241,29-Aug,GAK1 120 to 185 m,Adjacent,8/28/2000
5.792120502,242,30-Aug,GAK1 120 to 185 m,Adjacent,8/29/2000
5.796912169,243,31-Aug,GAK1 120 to 185 m,Adjacent,8/30/2000
5.799712831,244,1-Sep,GAK1 120 to 185 m,Adjacent,8/31/2000
5.80441714,245,2-Sep,GAK1 120 to 185 m,Adjacent,9/1/2000
5.8086134,246,3-Sep,GAK1 120 to 185 m,Adjacent,9/2/2000
5.811870028,247,4-Sep,GAK1 120 to 185 m,Adjacent,9/3/2000
5.81371733,248,5-Sep,GAK1 120 to 185 m,Adjacent,9/4/2000
5.815079072,249,6-Sep,GAK1 120 to 185 m,Adjacent,9/5/2000
5.816,250,7-Sep,GAK1 120 to 185 m,Adjacent,9/6/2000
5.818698864,251,8-Sep,GAK1 120 to 185 m,Adjacent,9/7/2000
5.822432765,252,9-Sep,GAK1 120 to 185 m,Adjacent,9/8/2000
5.826557292,253,10-Sep,GAK1 120 to 185 m,Adjacent,9/9/2000
5.830128078,254,11-Sep,GAK1 120 to 185 m,Adjacent,9/10/2000
5.832470407,255,12-Sep,GAK1 120 to 185 m,Adjacent,9/11/2000
5.834509233,256,13-Sep,GAK1 120 to 185 m,Adjacent,9/12/2000
5.836043087,257,14-Sep,GAK1 120 to 185 m,Adjacent,9/13/2000
5.838076231,258,15-Sep,GAK1 120 to 185 m,Adjacent,9/14/2000
5.838696023,259,16-Sep,GAK1 120 to 185 m,Adjacent,9/15/2000
5.840440578,260,17-Sep,GAK1 120 to 185 m,Adjacent,9/16/2000
5.844495265,261,18-Sep,GAK1 120 to 185 m,Adjacent,9/17/2000
5.84777178,262,19-Sep,GAK1 120 to 185 m,Adjacent,9/18/2000
5.851385653,263,20-Sep,GAK1 120 to 185 m,Adjacent,9/19/2000
5.855383996,264,21-Sep,GAK1 120 to 185 m,Adjacent,9/20/2000
5.858687027,265,22-Sep,GAK1 120 to 185 m,Adjacent,9/21/2000
5.863479167,266,23-Sep,GAK1 120 to 185 m,Adjacent,9/22/2000
5.870786458,267,24-Sep,GAK1 120 to 185 m,Adjacent,9/23/2000
5.877129261,268,25-Sep,GAK1 120 to 185 m,Adjacent,9/24/2000
5.888583333,269,26-Sep,GAK1 120 to 185 m,Adjacent,9/25/2000
5.896109848,270,27-Sep,GAK1 120 to 185 m,Adjacent,9/26/2000
5.905104403,271,28-Sep,GAK1 120 to 185 m,Adjacent,9/27/2000
5.91786553,272,29-Sep,GAK1 120 to 185 m,Adjacent,9/28/2000
5.922861506,273,30-Sep,GAK1 120 to 185 m,Adjacent,9/29/2000
5.928122159,274,1-Oct,GAK1 120 to 185 m,Adjacent,9/30/2000
5.938267756,275,2-Oct,GAK1 120 to 185 m,Adjacent,10/1/2000
5.943983428,276,3-Oct,GAK1 120 to 185 m,Adjacent,10/2/2000
5.958289536,277,4-Oct,GAK1 120 to 185 m,Adjacent,10/3/2000
5.968459991,278,5-Oct,GAK1 120 to 185 m,Adjacent,10/4/2000
5.982454545,279,6-Oct,GAK1 120 to 185 m,Adjacent,10/5/2000
5.995138494,280,7-Oct,GAK1 120 to 185 m,Adjacent,10/6/2000
6.004100379,281,8-Oct,GAK1 120 to 185 m,Adjacent,10/7/2000
6.012516335,282,9-Oct,GAK1 120 to 185 m,Adjacent,10/8/2000
6.021136837,283,10-Oct,GAK1 120 to 185 m,Adjacent,10/9/2000
6.035002131,284,11-Oct,GAK1 120 to 185 m,Adjacent,10/10/2000
6.053733902,285,12-Oct,GAK1 120 to 185 m,Adjacent,10/11/2000
6.074777462,286,13-Oct,GAK1 120 to 185 m,Adjacent,10/12/2000
6.095409091,287,14-Oct,GAK1 120 to 185 m,Adjacent,10/13/2000
6.110601563,288,15-Oct,GAK1 120 to 185 m,Adjacent,10/14/2000
6.117982008,289,16-Oct,GAK1 120 to 185 m,Adjacent,10/15/2000
6.129204072,290,17-Oct,GAK1 120 to 185 m,Adjacent,10/16/2000
6.136129498,291,18-Oct,GAK1 120 to 185 m,Adjacent,10/17/2000
6.149892992,292,19-Oct,GAK1 120 to 185 m,Adjacent,10/18/2000
6.1676759,293,20-Oct,GAK1 120 to 185 m,Adjacent,10/19/2000
6.176028172,294,21-Oct,GAK1 120 to 185 m,Adjacent,10/20/2000
6.187402462,295,22-Oct,GAK1 120 to 185 m,Adjacent,10/21/2000
6.202922585,296,23-Oct,GAK1 120 to 185 m,Adjacent,10/22/2000
6.211644886,297,24-Oct,GAK1 120 to 185 m,Adjacent,10/23/2000
6.226856061,298,25-Oct,GAK1 120 to 185 m,Adjacent,10/24/2000
6.24329285,299,26-Oct,GAK1 120 to 185 m,Adjacent,10/25/2000
6.28234233,300,27-Oct,GAK1 120 to 185 m,Adjacent,10/26/2000
6.311553267,301,28-Oct,GAK1 120 to 185 m,Adjacent,10/27/2000
6.344652225,302,29-Oct,GAK1 120 to 185 m,Adjacent,10/28/2000
6.374369792,303,30-Oct,GAK1 120 to 185 m,Adjacent,10/29/2000
6.394097775,304,31-Oct,GAK1 120 to 185 m,Adjacent,10/30/2000
6.413370739,305,1-Nov,GAK1 120 to 185 m,Adjacent,10/31/2000
6.424679451,306,2-Nov,GAK1 120 to 185 m,Adjacent,11/1/2000
6.432152225,307,3-Nov,GAK1 120 to 185 m,Adjacent,11/2/2000
6.436075758,308,4-Nov,GAK1 120 to 185 m,Adjacent,11/3/2000
6.444371922,309,5-Nov,GAK1 120 to 185 m,Adjacent,11/4/2000
6.464540483,310,6-Nov,GAK1 120 to 185 m,Adjacent,11/5/2000
6.48722893,311,7-Nov,GAK1 120 to 185 m,Adjacent,11/6/2000
6.499194602,312,8-Nov,GAK1 120 to 185 m,Adjacent,11/7/2000
6.514178977,313,9-Nov,GAK1 120 to 185 m,Adjacent,11/8/2000
6.525497633,314,10-Nov,GAK1 120 to 185 m,Adjacent,11/9/2000
6.533128788,315,11-Nov,GAK1 120 to 185 m,Adjacent,11/10/2000
6.55664536,316,12-Nov,GAK1 120 to 185 m,Adjacent,11/11/2000
6.586547348,317,13-Nov,GAK1 120 to 185 m,Adjacent,11/12/2000
6.617532907,318,14-Nov,GAK1 120 to 185 m,Adjacent,11/13/2000
6.662125,319,15-Nov,GAK1 120 to 185 m,Adjacent,11/14/2000
6.693570313,320,16-Nov,GAK1 120 to 185 m,Adjacent,11/15/2000
6.727391098,321,17-Nov,GAK1 120 to 185 m,Adjacent,11/16/2000
6.749187027,322,18-Nov,GAK1 120 to 185 m,Adjacent,11/17/2000
6.768445313,323,19-Nov,GAK1 120 to 185 m,Adjacent,11/18/2000
6.785490057,324,20-Nov,GAK1 120 to 185 m,Adjacent,11/19/2000
6.822034564,325,21-Nov,GAK1 120 to 185 m,Adjacent,11/20/2000
6.876830729,326,22-Nov,GAK1 120 to 185 m,Adjacent,11/21/2000
6.946900805,327,23-Nov,GAK1 120 to 185 m,Adjacent,11/22/2000
7.005109138,328,24-Nov,GAK1 120 to 185 m,Adjacent,11/23/2000
7.034075758,329,25-Nov,GAK1 120 to 185 m,Adjacent,11/24/2000
7.084033144,330,26-Nov,GAK1 120 to 185 m,Adjacent,11/25/2000
7.15089678,331,27-Nov,GAK1 120 to 185 m,Adjacent,11/26/2000
7.200700047,332,28-Nov,GAK1 120 to 185 m,Adjacent,11/27/2000
7.256611742,333,29-Nov,GAK1 120 to 185 m,Adjacent,11/28/2000
7.322518229,334,30-Nov,GAK1 120 to 185 m,Adjacent,11/29/2000
6.680616485,1,1-Jan,GAK1 190 to 250 m,Adjacent,1/1/2000
6.687813027,2,2-Jan,GAK1 190 to 250 m,Adjacent,1/2/2000
6.688254406,3,3-Jan,GAK1 190 to 250 m,Adjacent,1/3/2000
6.693603261,4,4-Jan,GAK1 190 to 250 m,Adjacent,1/4/2000
6.699252635,5,5-Jan,GAK1 190 to 250 m,Adjacent,1/5/2000
6.691620338,6,6-Jan,GAK1 190 to 250 m,Adjacent,1/6/2000
6.689616238,7,7-Jan,GAK1 190 to 250 m,Adjacent,1/7/2000
6.681341384,8,8-Jan,GAK1 190 to 250 m,Adjacent,1/8/2000
6.682912989,9,9-Jan,GAK1 190 to 250 m,Adjacent,1/9/2000
6.680529879,10,10-Jan,GAK1 190 to 250 m,Adjacent,1/10/2000
6.679896561,11,11-Jan,GAK1 190 to 250 m,Adjacent,1/11/2000
6.68510452,12,12-Jan,GAK1 190 to 250 m,Adjacent,1/12/2000
6.692159274,13,13-Jan,GAK1 190 to 250 m,Adjacent,1/13/2000
6.695480846,14,14-Jan,GAK1 190 to 250 m,Adjacent,1/14/2000
6.701410577,15,15-Jan,GAK1 190 to 250 m,Adjacent,1/15/2000
6.707363425,16,16-Jan,GAK1 190 to 250 m,Adjacent,1/16/2000
6.708652028,17,17-Jan,GAK1 190 to 250 m,Adjacent,1/17/2000
6.715806291,18,18-Jan,GAK1 190 to 250 m,Adjacent,1/18/2000
6.723319729,19,19-Jan,GAK1 190 to 250 m,Adjacent,1/19/2000
6.726560289,20,20-Jan,GAK1 190 to 250 m,Adjacent,1/20/2000
6.729153832,21,21-Jan,GAK1 190 to 250 m,Adjacent,1/21/2000
6.736522449,22,22-Jan,GAK1 190 to 250 m,Adjacent,1/22/2000
6.742410891,23,23-Jan,GAK1 190 to 250 m,Adjacent,1/23/2000
6.746054964,24,24-Jan,GAK1 190 to 250 m,Adjacent,1/24/2000
6.746304678,25,25-Jan,GAK1 190 to 250 m,Adjacent,1/25/2000
6.747327147,26,26-Jan,GAK1 190 to 250 m,Adjacent,1/26/2000
6.747417426,27,27-Jan,GAK1 190 to 250 m,Adjacent,1/27/2000
6.749853293,28,28-Jan,GAK1 190 to 250 m,Adjacent,1/28/2000
6.752804143,29,29-Jan,GAK1 190 to 250 m,Adjacent,1/29/2000
6.757766097,30,30-Jan,GAK1 190 to 250 m,Adjacent,1/30/2000
6.760742181,31,31-Jan,GAK1 190 to 250 m,Adjacent,1/31/2000
6.055061628,335,1-Dec,GAK1 190 to 250 m,Adjacent,11/30/2000
6.056996401,336,2-Dec,GAK1 190 to 250 m,Adjacent,12/1/2000
6.058606605,337,3-Dec,GAK1 190 to 250 m,Adjacent,12/2/2000
6.059327841,338,4-Dec,GAK1 190 to 250 m,Adjacent,12/3/2000
6.061207466,339,5-Dec,GAK1 190 to 250 m,Adjacent,12/4/2000
6.063773212,340,6-Dec,GAK1 190 to 250 m,Adjacent,12/5/2000
6.066006495,341,7-Dec,GAK1 190 to 250 m,Adjacent,12/6/2000
6.070736009,342,8-Dec,GAK1 190 to 250 m,Adjacent,12/7/2000
6.082497831,343,9-Dec,GAK1 190 to 250 m,Adjacent,12/8/2000
6.090238414,344,10-Dec,GAK1 190 to 250 m,Adjacent,12/9/2000
6.098056596,345,11-Dec,GAK1 190 to 250 m,Adjacent,12/10/2000
6.106015758,346,12-Dec,GAK1 190 to 250 m,Adjacent,12/11/2000
6.120984863,347,13-Dec,GAK1 190 to 250 m,Adjacent,12/12/2000
6.133398925,348,14-Dec,GAK1 190 to 250 m,Adjacent,12/13/2000
6.143755074,349,15-Dec,GAK1 190 to 250 m,Adjacent,12/14/2000
6.159273781,350,16-Dec,GAK1 190 to 250 m,Adjacent,12/15/2000
6.16968328,351,17-Dec,GAK1 190 to 250 m,Adjacent,12/16/2000
6.178878601,352,18-Dec,GAK1 190 to 250 m,Adjacent,12/17/2000
6.186031982,353,19-Dec,GAK1 190 to 250 m,Adjacent,12/18/2000
6.19643626,354,20-Dec,GAK1 190 to 250 m,Adjacent,12/19/2000
6.212781122,355,21-Dec,GAK1 190 to 250 m,Adjacent,12/20/2000
6.227598124,356,22-Dec,GAK1 190 to 250 m,Adjacent,12/21/2000
6.242695396,357,23-Dec,GAK1 190 to 250 m,Adjacent,12/22/2000
6.271130103,358,24-Dec,GAK1 190 to 250 m,Adjacent,12/23/2000
6.298231912,359,25-Dec,GAK1 190 to 250 m,Adjacent,12/24/2000
6.325421989,360,26-Dec,GAK1 190 to 250 m,Adjacent,12/25/2000
6.349002592,361,27-Dec,GAK1 190 to 250 m,Adjacent,12/26/2000
6.364380526,362,28-Dec,GAK1 190 to 250 m,Adjacent,12/27/2000
6.379087703,363,29-Dec,GAK1 190 to 250 m,Adjacent,12/28/2000
6.39678326,364,30-Dec,GAK1 190 to 250 m,Adjacent,12/29/2000
6.40806855,365,31-Dec,GAK1 190 to 250 m,Adjacent,12/30/2000
6.757869661,32,1-Feb,GAK1 190 to 250 m,Adjacent,2/1/2000
6.750403269,33,2-Feb,GAK1 190 to 250 m,Adjacent,2/2/2000
6.745500456,34,3-Feb,GAK1 190 to 250 m,Adjacent,2/3/2000
6.738085114,35,4-Feb,GAK1 190 to 250 m,Adjacent,2/4/2000
6.732348036,36,5-Feb,GAK1 190 to 250 m,Adjacent,2/5/2000
6.722821314,37,6-Feb,GAK1 190 to 250 m,Adjacent,2/6/2000
6.715910632,38,7-Feb,GAK1 190 to 250 m,Adjacent,2/7/2000
6.712456821,39,8-Feb,GAK1 190 to 250 m,Adjacent,2/8/2000
6.707763951,40,9-Feb,GAK1 190 to 250 m,Adjacent,2/9/2000
6.703245164,41,10-Feb,GAK1 190 to 250 m,Adjacent,2/10/2000
6.701904623,42,11-Feb,GAK1 190 to 250 m,Adjacent,2/11/2000
6.699238004,43,12-Feb,GAK1 190 to 250 m,Adjacent,2/12/2000
6.692375876,44,13-Feb,GAK1 190 to 250 m,Adjacent,2/13/2000
6.683081254,45,14-Feb,GAK1 190 to 250 m,Adjacent,2/14/2000
6.672124294,46,15-Feb,GAK1 190 to 250 m,Adjacent,2/15/2000
6.665541419,47,16-Feb,GAK1 190 to 250 m,Adjacent,2/16/2000
6.65540622,48,17-Feb,GAK1 190 to 250 m,Adjacent,2/17/2000
6.647227778,49,18-Feb,GAK1 190 to 250 m,Adjacent,2/18/2000
6.634280883,50,19-Feb,GAK1 190 to 250 m,Adjacent,2/19/2000
6.619769384,51,20-Feb,GAK1 190 to 250 m,Adjacent,2/20/2000
6.604279483,52,21-Feb,GAK1 190 to 250 m,Adjacent,2/21/2000
6.593281168,53,22-Feb,GAK1 190 to 250 m,Adjacent,2/22/2000
6.586964107,54,23-Feb,GAK1 190 to 250 m,Adjacent,2/23/2000
6.581802358,55,24-Feb,GAK1 190 to 250 m,Adjacent,2/24/2000
6.565110951,56,25-Feb,GAK1 190 to 250 m,Adjacent,2/25/2000
6.554962808,57,26-Feb,GAK1 190 to 250 m,Adjacent,2/26/2000
6.542385983,58,27-Feb,GAK1 190 to 250 m,Adjacent,2/27/2000
6.530936714,59,28-Feb,GAK1 190 to 250 m,Adjacent,2/28/2000
6.52408461,60,1-Mar,GAK1 190 to 250 m,Adjacent,2/29/2000
6.5124305,61,2-Mar,GAK1 190 to 250 m,Adjacent,3/1/2000
6.498766267,62,3-Mar,GAK1 190 to 250 m,Adjacent,3/2/2000
6.48705123,63,4-Mar,GAK1 190 to 250 m,Adjacent,3/3/2000
6.471038728,64,5-Mar,GAK1 190 to 250 m,Adjacent,3/4/2000
6.454801076,65,6-Mar,GAK1 190 to 250 m,Adjacent,3/5/2000
6.437543069,66,7-Mar,GAK1 190 to 250 m,Adjacent,3/6/2000
6.414830495,67,8-Mar,GAK1 190 to 250 m,Adjacent,3/7/2000
6.391359013,68,9-Mar,GAK1 190 to 250 m,Adjacent,3/8/2000
6.367600863,69,10-Mar,GAK1 190 to 250 m,Adjacent,3/9/2000
6.349920752,70,11-Mar,GAK1 190 to 250 m,Adjacent,3/10/2000
6.337215512,71,12-Mar,GAK1 190 to 250 m,Adjacent,3/11/2000
6.323945443,72,13-Mar,GAK1 190 to 250 m,Adjacent,3/12/2000
6.306156782,73,14-Mar,GAK1 190 to 250 m,Adjacent,3/13/2000
6.288776867,74,15-Mar,GAK1 190 to 250 m,Adjacent,3/14/2000
6.261840644,75,16-Mar,GAK1 190 to 250 m,Adjacent,3/15/2000
6.235780928,76,17-Mar,GAK1 190 to 250 m,Adjacent,3/16/2000
6.218984756,77,18-Mar,GAK1 190 to 250 m,Adjacent,3/17/2000
6.206416087,78,19-Mar,GAK1 190 to 250 m,Adjacent,3/18/2000
6.188572258,79,20-Mar,GAK1 190 to 250 m,Adjacent,3/19/2000
6.172586558,80,21-Mar,GAK1 190 to 250 m,Adjacent,3/20/2000
6.156094299,81,22-Mar,GAK1 190 to 250 m,Adjacent,3/21/2000
6.144234655,82,23-Mar,GAK1 190 to 250 m,Adjacent,3/22/2000
6.127218005,83,24-Mar,GAK1 190 to 250 m,Adjacent,3/23/2000
6.111079059,84,25-Mar,GAK1 190 to 250 m,Adjacent,3/24/2000
6.095906468,85,26-Mar,GAK1 190 to 250 m,Adjacent,3/25/2000
6.082918065,86,27-Mar,GAK1 190 to 250 m,Adjacent,3/26/2000
6.069455638,87,28-Mar,GAK1 190 to 250 m,Adjacent,3/27/2000
6.059527056,88,29-Mar,GAK1 190 to 250 m,Adjacent,3/28/2000
6.057147652,89,30-Mar,GAK1 190 to 250 m,Adjacent,3/29/2000
6.056915648,90,31-Mar,GAK1 190 to 250 m,Adjacent,3/30/2000
6.053887026,91,1-Apr,GAK1 190 to 250 m,Adjacent,3/31/2000
6.048507173,92,2-Apr,GAK1 190 to 250 m,Adjacent,4/1/2000
6.038748851,93,3-Apr,GAK1 190 to 250 m,Adjacent,4/2/2000
6.03170966,94,4-Apr,GAK1 190 to 250 m,Adjacent,4/3/2000
6.028316808,95,5-Apr,GAK1 190 to 250 m,Adjacent,4/4/2000
6.024784487,96,6-Apr,GAK1 190 to 250 m,Adjacent,4/5/2000
6.027609513,97,7-Apr,GAK1 190 to 250 m,Adjacent,4/6/2000
6.027572023,98,8-Apr,GAK1 190 to 250 m,Adjacent,4/7/2000
6.023160506,99,9-Apr,GAK1 190 to 250 m,Adjacent,4/8/2000
6.01708257,100,10-Apr,GAK1 190 to 250 m,Adjacent,4/9/2000
6.014367223,101,11-Apr,GAK1 190 to 250 m,Adjacent,4/10/2000
6.013144837,102,12-Apr,GAK1 190 to 250 m,Adjacent,4/11/2000
6.009655324,103,13-Apr,GAK1 190 to 250 m,Adjacent,4/12/2000
6.003869195,104,14-Apr,GAK1 190 to 250 m,Adjacent,4/13/2000
5.999208086,105,15-Apr,GAK1 190 to 250 m,Adjacent,4/14/2000
5.994514797,106,16-Apr,GAK1 190 to 250 m,Adjacent,4/15/2000
5.990275389,107,17-Apr,GAK1 190 to 250 m,Adjacent,4/16/2000
5.986395302,108,18-Apr,GAK1 190 to 250 m,Adjacent,4/17/2000
5.982934534,109,19-Apr,GAK1 190 to 250 m,Adjacent,4/18/2000
5.97888447,110,20-Apr,GAK1 190 to 250 m,Adjacent,4/19/2000
5.975561867,111,21-Apr,GAK1 190 to 250 m,Adjacent,4/20/2000
5.972132712,112,22-Apr,GAK1 190 to 250 m,Adjacent,4/21/2000
5.968416586,113,23-Apr,GAK1 190 to 250 m,Adjacent,4/22/2000
5.962805078,114,24-Apr,GAK1 190 to 250 m,Adjacent,4/23/2000
5.955681329,115,25-Apr,GAK1 190 to 250 m,Adjacent,4/24/2000
5.950533375,116,26-Apr,GAK1 190 to 250 m,Adjacent,4/25/2000
5.94515202,117,27-Apr,GAK1 190 to 250 m,Adjacent,4/26/2000
5.942567301,118,28-Apr,GAK1 190 to 250 m,Adjacent,4/27/2000
5.942655279,119,29-Apr,GAK1 190 to 250 m,Adjacent,4/28/2000
5.942729616,120,30-Apr,GAK1 190 to 250 m,Adjacent,4/29/2000
5.941408032,121,1-May,GAK1 190 to 250 m,Adjacent,4/30/2000
5.94341422,122,2-May,GAK1 190 to 250 m,Adjacent,5/1/2000
5.942637694,123,3-May,GAK1 190 to 250 m,Adjacent,5/2/2000
5.941671628,124,4-May,GAK1 190 to 250 m,Adjacent,5/3/2000
5.942594615,125,5-May,GAK1 190 to 250 m,Adjacent,5/4/2000
5.943418451,126,6-May,GAK1 190 to 250 m,Adjacent,5/5/2000
5.942141348,127,7-May,GAK1 190 to 250 m,Adjacent,5/6/2000
5.941112788,128,8-May,GAK1 190 to 250 m,Adjacent,5/7/2000
5.939645211,129,9-May,GAK1 190 to 250 m,Adjacent,5/8/2000
5.93711618,130,10-May,GAK1 190 to 250 m,Adjacent,5/9/2000
5.934636141,131,11-May,GAK1 190 to 250 m,Adjacent,5/10/2000
5.931318626,132,12-May,GAK1 190 to 250 m,Adjacent,5/11/2000
5.926011926,133,13-May,GAK1 190 to 250 m,Adjacent,5/12/2000
5.922517016,134,14-May,GAK1 190 to 250 m,Adjacent,5/13/2000
5.919661666,135,15-May,GAK1 190 to 250 m,Adjacent,5/14/2000
5.918807877,136,16-May,GAK1 190 to 250 m,Adjacent,5/15/2000
5.919340412,137,17-May,GAK1 190 to 250 m,Adjacent,5/16/2000
5.91901696,138,18-May,GAK1 190 to 250 m,Adjacent,5/17/2000
5.919699332,139,19-May,GAK1 190 to 250 m,Adjacent,5/18/2000
5.918892632,140,20-May,GAK1 190 to 250 m,Adjacent,5/19/2000
5.91716098,141,21-May,GAK1 190 to 250 m,Adjacent,5/20/2000
5.915462826,142,22-May,GAK1 190 to 250 m,Adjacent,5/21/2000
5.913339839,143,23-May,GAK1 190 to 250 m,Adjacent,5/22/2000
5.912034914,144,24-May,GAK1 190 to 250 m,Adjacent,5/23/2000
5.911883037,145,25-May,GAK1 190 to 250 m,Adjacent,5/24/2000
5.911502474,146,26-May,GAK1 190 to 250 m,Adjacent,5/25/2000
5.910613269,147,27-May,GAK1 190 to 250 m,Adjacent,5/26/2000
5.910107943,148,28-May,GAK1 190 to 250 m,Adjacent,5/27/2000
5.909832138,149,29-May,GAK1 190 to 250 m,Adjacent,5/28/2000
5.909639429,150,30-May,GAK1 190 to 250 m,Adjacent,5/29/2000
5.910267033,151,31-May,GAK1 190 to 250 m,Adjacent,5/30/2000
5.911025675,152,1-Jun,GAK1 190 to 250 m,Adjacent,5/31/2000
5.912071011,153,2-Jun,GAK1 190 to 250 m,Adjacent,6/1/2000
5.913324834,154,3-Jun,GAK1 190 to 250 m,Adjacent,6/2/2000
5.91497635,155,4-Jun,GAK1 190 to 250 m,Adjacent,6/3/2000
5.914385677,156,5-Jun,GAK1 190 to 250 m,Adjacent,6/4/2000
5.91354394,157,6-Jun,GAK1 190 to 250 m,Adjacent,6/5/2000
5.912565224,158,7-Jun,GAK1 190 to 250 m,Adjacent,6/6/2000
5.91230293,159,8-Jun,GAK1 190 to 250 m,Adjacent,6/7/2000
5.912128868,160,9-Jun,GAK1 190 to 250 m,Adjacent,6/8/2000
5.911152225,161,10-Jun,GAK1 190 to 250 m,Adjacent,6/9/2000
5.909229403,162,11-Jun,GAK1 190 to 250 m,Adjacent,6/10/2000
5.908302438,163,12-Jun,GAK1 190 to 250 m,Adjacent,6/11/2000
5.907457268,164,13-Jun,GAK1 190 to 250 m,Adjacent,6/12/2000
5.907152344,165,14-Jun,GAK1 190 to 250 m,Adjacent,6/13/2000
5.905985682,166,15-Jun,GAK1 190 to 250 m,Adjacent,6/14/2000
5.903892198,167,16-Jun,GAK1 190 to 250 m,Adjacent,6/15/2000
5.901884828,168,17-Jun,GAK1 190 to 250 m,Adjacent,6/16/2000
5.900663869,169,18-Jun,GAK1 190 to 250 m,Adjacent,6/17/2000
5.899033897,170,19-Jun,GAK1 190 to 250 m,Adjacent,6/18/2000
5.897185649,171,20-Jun,GAK1 190 to 250 m,Adjacent,6/19/2000
5.896896232,172,21-Jun,GAK1 190 to 250 m,Adjacent,6/20/2000
5.895775019,173,22-Jun,GAK1 190 to 250 m,Adjacent,6/21/2000
5.894241757,174,23-Jun,GAK1 190 to 250 m,Adjacent,6/22/2000
5.892749214,175,24-Jun,GAK1 190 to 250 m,Adjacent,6/23/2000
5.891550114,176,25-Jun,GAK1 190 to 250 m,Adjacent,6/24/2000
5.890730749,177,26-Jun,GAK1 190 to 250 m,Adjacent,6/25/2000
5.890570947,178,27-Jun,GAK1 190 to 250 m,Adjacent,6/26/2000
5.890847699,179,28-Jun,GAK1 190 to 250 m,Adjacent,6/27/2000
5.890234892,180,29-Jun,GAK1 190 to 250 m,Adjacent,6/28/2000
5.889169906,181,30-Jun,GAK1 190 to 250 m,Adjacent,6/29/2000
5.888198315,182,1-Jul,GAK1 190 to 250 m,Adjacent,6/30/2000
5.887694527,183,2-Jul,GAK1 190 to 250 m,Adjacent,7/1/2000
5.887993296,184,3-Jul,GAK1 190 to 250 m,Adjacent,7/2/2000
5.887805796,185,4-Jul,GAK1 190 to 250 m,Adjacent,7/3/2000
5.887559347,186,5-Jul,GAK1 190 to 250 m,Adjacent,7/4/2000
5.887076984,187,6-Jul,GAK1 190 to 250 m,Adjacent,7/5/2000
5.886790521,188,7-Jul,GAK1 190 to 250 m,Adjacent,7/6/2000
5.886528891,189,8-Jul,GAK1 190 to 250 m,Adjacent,7/7/2000
5.88630887,190,9-Jul,GAK1 190 to 250 m,Adjacent,7/8/2000
5.886110204,191,10-Jul,GAK1 190 to 250 m,Adjacent,7/9/2000
5.886026397,192,11-Jul,GAK1 190 to 250 m,Adjacent,7/10/2000
5.886431345,193,12-Jul,GAK1 190 to 250 m,Adjacent,7/11/2000
5.885360239,194,13-Jul,GAK1 190 to 250 m,Adjacent,7/12/2000
5.884148614,195,14-Jul,GAK1 190 to 250 m,Adjacent,7/13/2000
5.883990882,196,15-Jul,GAK1 190 to 250 m,Adjacent,7/14/2000
5.883847745,197,16-Jul,GAK1 190 to 250 m,Adjacent,7/15/2000
5.884051316,198,17-Jul,GAK1 190 to 250 m,Adjacent,7/16/2000
5.884457685,199,18-Jul,GAK1 190 to 250 m,Adjacent,7/17/2000
5.88448858,200,19-Jul,GAK1 190 to 250 m,Adjacent,7/18/2000
5.884412349,201,20-Jul,GAK1 190 to 250 m,Adjacent,7/19/2000
5.884804513,202,21-Jul,GAK1 190 to 250 m,Adjacent,7/20/2000
5.885159745,203,22-Jul,GAK1 190 to 250 m,Adjacent,7/21/2000
5.885955909,204,23-Jul,GAK1 190 to 250 m,Adjacent,7/22/2000
5.886860265,205,24-Jul,GAK1 190 to 250 m,Adjacent,7/23/2000
5.887711591,206,25-Jul,GAK1 190 to 250 m,Adjacent,7/24/2000
5.888537349,207,26-Jul,GAK1 190 to 250 m,Adjacent,7/25/2000
5.889550488,208,27-Jul,GAK1 190 to 250 m,Adjacent,7/26/2000
5.890947031,209,28-Jul,GAK1 190 to 250 m,Adjacent,7/27/2000
5.892775985,210,29-Jul,GAK1 190 to 250 m,Adjacent,7/28/2000
5.894641279,211,30-Jul,GAK1 190 to 250 m,Adjacent,7/29/2000
5.896490355,212,31-Jul,GAK1 190 to 250 m,Adjacent,7/30/2000
5.899366657,213,1-Aug,GAK1 190 to 250 m,Adjacent,7/31/2000
5.902826174,214,2-Aug,GAK1 190 to 250 m,Adjacent,8/1/2000
5.905711118,215,3-Aug,GAK1 190 to 250 m,Adjacent,8/2/2000
5.908543706,216,4-Aug,GAK1 190 to 250 m,Adjacent,8/3/2000
5.911622044,217,5-Aug,GAK1 190 to 250 m,Adjacent,8/4/2000
5.914163536,218,6-Aug,GAK1 190 to 250 m,Adjacent,8/5/2000
5.916944102,219,7-Aug,GAK1 190 to 250 m,Adjacent,8/6/2000
5.919402462,220,8-Aug,GAK1 190 to 250 m,Adjacent,8/7/2000
5.921313684,221,9-Aug,GAK1 190 to 250 m,Adjacent,8/8/2000
5.923508523,222,10-Aug,GAK1 190 to 250 m,Adjacent,8/9/2000
5.925605633,223,11-Aug,GAK1 190 to 250 m,Adjacent,8/10/2000
5.927546473,224,12-Aug,GAK1 190 to 250 m,Adjacent,8/11/2000
5.929691853,225,13-Aug,GAK1 190 to 250 m,Adjacent,8/12/2000
5.931473641,226,14-Aug,GAK1 190 to 250 m,Adjacent,8/13/2000
5.932938248,227,15-Aug,GAK1 190 to 250 m,Adjacent,8/14/2000
5.934583608,228,16-Aug,GAK1 190 to 250 m,Adjacent,8/15/2000
5.93615617,229,17-Aug,GAK1 190 to 250 m,Adjacent,8/16/2000
5.937679134,230,18-Aug,GAK1 190 to 250 m,Adjacent,8/17/2000
5.939060881,231,19-Aug,GAK1 190 to 250 m,Adjacent,8/18/2000
5.939966776,232,20-Aug,GAK1 190 to 250 m,Adjacent,8/19/2000
5.940982637,233,21-Aug,GAK1 190 to 250 m,Adjacent,8/20/2000
5.942209673,234,22-Aug,GAK1 190 to 250 m,Adjacent,8/21/2000
5.942761875,235,23-Aug,GAK1 190 to 250 m,Adjacent,8/22/2000
5.942550938,236,24-Aug,GAK1 190 to 250 m,Adjacent,8/23/2000
5.942679844,237,25-Aug,GAK1 190 to 250 m,Adjacent,8/24/2000
5.943464645,238,26-Aug,GAK1 190 to 250 m,Adjacent,8/25/2000
5.944219143,239,27-Aug,GAK1 190 to 250 m,Adjacent,8/26/2000
5.944958371,240,28-Aug,GAK1 190 to 250 m,Adjacent,8/27/2000
5.945322836,241,29-Aug,GAK1 190 to 250 m,Adjacent,8/28/2000
5.945563366,242,30-Aug,GAK1 190 to 250 m,Adjacent,8/29/2000
5.945938485,243,31-Aug,GAK1 190 to 250 m,Adjacent,8/30/2000
5.946279867,244,1-Sep,GAK1 190 to 250 m,Adjacent,8/31/2000
5.946289646,245,2-Sep,GAK1 190 to 250 m,Adjacent,9/1/2000
5.946156927,246,3-Sep,GAK1 190 to 250 m,Adjacent,9/2/2000
5.946452598,247,4-Sep,GAK1 190 to 250 m,Adjacent,9/3/2000
5.946490412,248,5-Sep,GAK1 190 to 250 m,Adjacent,9/4/2000
5.947030303,249,6-Sep,GAK1 190 to 250 m,Adjacent,9/5/2000
5.947508049,250,7-Sep,GAK1 190 to 250 m,Adjacent,9/6/2000
5.947919034,251,8-Sep,GAK1 190 to 250 m,Adjacent,9/7/2000
5.948446378,252,9-Sep,GAK1 190 to 250 m,Adjacent,9/8/2000
5.949144901,253,10-Sep,GAK1 190 to 250 m,Adjacent,9/9/2000
5.949795026,254,11-Sep,GAK1 190 to 250 m,Adjacent,9/10/2000
5.950117824,255,12-Sep,GAK1 190 to 250 m,Adjacent,9/11/2000
5.950678312,256,13-Sep,GAK1 190 to 250 m,Adjacent,9/12/2000
5.951386527,257,14-Sep,GAK1 190 to 250 m,Adjacent,9/13/2000
5.951971281,258,15-Sep,GAK1 190 to 250 m,Adjacent,9/14/2000
5.952211574,259,16-Sep,GAK1 190 to 250 m,Adjacent,9/15/2000
5.951987261,260,17-Sep,GAK1 190 to 250 m,Adjacent,9/16/2000
5.952247796,261,18-Sep,GAK1 190 to 250 m,Adjacent,9/17/2000
5.952817161,262,19-Sep,GAK1 190 to 250 m,Adjacent,9/18/2000
5.954290173,263,20-Sep,GAK1 190 to 250 m,Adjacent,9/19/2000
5.955308757,264,21-Sep,GAK1 190 to 250 m,Adjacent,9/20/2000
5.956127649,265,22-Sep,GAK1 190 to 250 m,Adjacent,9/21/2000
5.956916238,266,23-Sep,GAK1 190 to 250 m,Adjacent,9/22/2000
5.957649548,267,24-Sep,GAK1 190 to 250 m,Adjacent,9/23/2000
5.958598766,268,25-Sep,GAK1 190 to 250 m,Adjacent,9/24/2000
5.958476726,269,26-Sep,GAK1 190 to 250 m,Adjacent,9/25/2000
5.959168605,270,27-Sep,GAK1 190 to 250 m,Adjacent,9/26/2000
5.959630608,271,28-Sep,GAK1 190 to 250 m,Adjacent,9/27/2000
5.959303312,272,29-Sep,GAK1 190 to 250 m,Adjacent,9/28/2000
5.960426655,273,30-Sep,GAK1 190 to 250 m,Adjacent,9/29/2000
5.959571659,274,1-Oct,GAK1 190 to 250 m,Adjacent,9/30/2000
5.958064897,275,2-Oct,GAK1 190 to 250 m,Adjacent,10/1/2000
5.957377367,276,3-Oct,GAK1 190 to 250 m,Adjacent,10/2/2000
5.956700166,277,4-Oct,GAK1 190 to 250 m,Adjacent,10/3/2000
5.955490294,278,5-Oct,GAK1 190 to 250 m,Adjacent,10/4/2000
5.954772846,279,6-Oct,GAK1 190 to 250 m,Adjacent,10/5/2000
5.954409683,280,7-Oct,GAK1 190 to 250 m,Adjacent,10/6/2000
5.954438802,281,8-Oct,GAK1 190 to 250 m,Adjacent,10/7/2000
5.954924716,282,9-Oct,GAK1 190 to 250 m,Adjacent,10/8/2000
5.954708474,283,10-Oct,GAK1 190 to 250 m,Adjacent,10/9/2000
5.953959827,284,11-Oct,GAK1 190 to 250 m,Adjacent,10/10/2000
5.953423676,285,12-Oct,GAK1 190 to 250 m,Adjacent,10/11/2000
5.952761271,286,13-Oct,GAK1 190 to 250 m,Adjacent,10/12/2000
5.952145977,287,14-Oct,GAK1 190 to 250 m,Adjacent,10/13/2000
5.951868515,288,15-Oct,GAK1 190 to 250 m,Adjacent,10/14/2000
5.952321995,289,16-Oct,GAK1 190 to 250 m,Adjacent,10/15/2000
5.952393018,290,17-Oct,GAK1 190 to 250 m,Adjacent,10/16/2000
5.952944036,291,18-Oct,GAK1 190 to 250 m,Adjacent,10/17/2000
5.953106323,292,19-Oct,GAK1 190 to 250 m,Adjacent,10/18/2000
5.953564065,293,20-Oct,GAK1 190 to 250 m,Adjacent,10/19/2000
5.954207412,294,21-Oct,GAK1 190 to 250 m,Adjacent,10/20/2000
5.954079808,295,22-Oct,GAK1 190 to 250 m,Adjacent,10/21/2000
5.955714751,296,23-Oct,GAK1 190 to 250 m,Adjacent,10/22/2000
5.957563778,297,24-Oct,GAK1 190 to 250 m,Adjacent,10/23/2000
5.959113612,298,25-Oct,GAK1 190 to 250 m,Adjacent,10/24/2000
5.960973373,299,26-Oct,GAK1 190 to 250 m,Adjacent,10/25/2000
5.962619335,300,27-Oct,GAK1 190 to 250 m,Adjacent,10/26/2000
5.965000872,301,28-Oct,GAK1 190 to 250 m,Adjacent,10/27/2000
5.965846186,302,29-Oct,GAK1 190 to 250 m,Adjacent,10/28/2000
5.967040433,303,30-Oct,GAK1 190 to 250 m,Adjacent,10/29/2000
5.968320262,304,31-Oct,GAK1 190 to 250 m,Adjacent,10/30/2000
5.971458734,305,1-Nov,GAK1 190 to 250 m,Adjacent,10/31/2000
5.974493366,306,2-Nov,GAK1 190 to 250 m,Adjacent,11/1/2000
5.976986075,307,3-Nov,GAK1 190 to 250 m,Adjacent,11/2/2000
5.980596752,308,4-Nov,GAK1 190 to 250 m,Adjacent,11/3/2000
5.984579351,309,5-Nov,GAK1 190 to 250 m,Adjacent,11/4/2000
5.989329706,310,6-Nov,GAK1 190 to 250 m,Adjacent,11/5/2000
5.992807702,311,7-Nov,GAK1 190 to 250 m,Adjacent,11/6/2000
5.995748606,312,8-Nov,GAK1 190 to 250 m,Adjacent,11/7/2000
5.999773458,313,9-Nov,GAK1 190 to 250 m,Adjacent,11/8/2000
6.003221497,314,10-Nov,GAK1 190 to 250 m,Adjacent,11/9/2000
6.006003102,315,11-Nov,GAK1 190 to 250 m,Adjacent,11/10/2000
6.009777132,316,12-Nov,GAK1 190 to 250 m,Adjacent,11/11/2000
6.013261033,317,13-Nov,GAK1 190 to 250 m,Adjacent,11/12/2000
6.016440602,318,14-Nov,GAK1 190 to 250 m,Adjacent,11/13/2000
6.020046358,319,15-Nov,GAK1 190 to 250 m,Adjacent,11/14/2000
6.022749246,320,16-Nov,GAK1 190 to 250 m,Adjacent,11/15/2000
6.025287568,321,17-Nov,GAK1 190 to 250 m,Adjacent,11/16/2000
6.028318689,322,18-Nov,GAK1 190 to 250 m,Adjacent,11/17/2000
6.030779008,323,19-Nov,GAK1 190 to 250 m,Adjacent,11/18/2000
6.036971336,324,20-Nov,GAK1 190 to 250 m,Adjacent,11/19/2000
6.039526734,325,21-Nov,GAK1 190 to 250 m,Adjacent,11/20/2000
6.041896526,326,22-Nov,GAK1 190 to 250 m,Adjacent,11/21/2000
6.042615898,327,23-Nov,GAK1 190 to 250 m,Adjacent,11/22/2000
6.043608436,328,24-Nov,GAK1 190 to 250 m,Adjacent,11/23/2000
6.044671356,329,25-Nov,GAK1 190 to 250 m,Adjacent,11/24/2000
6.045702243,330,26-Nov,GAK1 190 to 250 m,Adjacent,11/25/2000
6.048821235,331,27-Nov,GAK1 190 to 250 m,Adjacent,11/26/2000
6.048780119,332,28-Nov,GAK1 190 to 250 m,Adjacent,11/27/2000
6.050040168,333,29-Nov,GAK1 190 to 250 m,Adjacent,11/28/2000
6.052576537,334,30-Nov,GAK1 190 to 250 m,Adjacent,11/29/2000
